username,skintype,date,review_content,purchase_point,rating,Jenis_Produk,trend,age_category,periode_penggunaan,Recommend,skintone,undertone
dsekarayoe,Oily,2024-11-16,"Aku biasa pake sunscreen ini buat dirumah aja karena aku pake yang SPF 30 PA++. Suka banget sama teksturnya yang gel ga terlalu kental/thick warnanya putih. Dioles ke kulit wajah langsung berasa melted dan adem. Ga ada wangi yang mengganggu. Dipake langsung sesuai takaran ini cakep, ga rewel. Awal-awal pake waktu skin barrier aku belum sehat ini jadi kusem dan agak lengket. Tapi bertahap lama-kelamaan habis botol pertama lanjut ke botol kedua ini ga bikin kusem. Malah cakep banget ga keliatan kaya pake sunscreen soalnya ini ga ada white cast. Agak sedikit bikin cerah kulitku tapi ga secerah kaya pake si tone up. Di aku kalau udah ngeset sekitar 15 menit kemudian lumayan agak matte lama kelamaan jadi glowing. Oil controlnya oke, ga bikin kilang minyakan setelah 3 jam. Aku ga ngerasa ini luntur karena kalo dirumah aja ga kepanasan jadi keringat yang keluar ga sebanyak kegiatan diluar. Ini lumayan awet sih karena aku pake selang seling kalo pergi itu pake yang spf 50.",Shopee,5,Skinaqua UV Moisture Gel,46,dewasa muda,Jangka Menengah,recommend,Light,Cool
AnisaFeb22,Normal,2024-10-29,"Sunscreen yang paling sering aku repurchase itu Skin Aqua UV Moisturizer Gel, why? Karena selain worth it di kantong, sunscreen ini tuh bagus banget di muka aku, bikin kulit jadi lebih lembab dan lembut. Yang paling keren lagi aku itu tipe kulit yg oily tapi sunscreen ini tuh cepet banget ngeresap di kulit dan ringan banget, buat di pakai seharian juga nyaman banget ğŸ¤",Guardian,5,Skinaqua UV Moisture Gel,0,dewasa muda,Jangka Menengah,recommend,Medium,Warm
reniwl,Dry,2024-10-27,Suka sekali sama varian yang ini. Padahal untuk kulit berminyak tapi di kulit keringku malah lebih cocok sama yang ini. Nggak buat kusam. Cepat menyerap ke kulit. Setelah pakai sunscreen ini kulit jadi glowing gitu. Love it. Udah repurchase berkali-kali,Shopee,5,Skinaqua UV Moisture Gel,100,dewasa muda,Jangka Panjang,recommend,Medium,Warm
kiyaacc,Combination,2024-10-25,"Sukaa bangett sama tekstur sunscreennyaaa!!! cepet banget nyerap, ga bikin kusaam dan ga ada whitecast, baunya juga lumayan enakk. udah coba beberapa sunscreen tapi skinaqua yang pass buat muka aku! 2 tahun gapernah ganti sunscreen, selalu pake skinaqua yang ijo spf 50ğŸ˜ğŸ˜",Guardian,5,Skinaqua UV Moisture Gel,0,remaja,Jangka Panjang,recommend,Medium,Neutral
abiaraa_,Oily,2024-10-22,"teksturnya kaya lotion, putih pekat tp begitu diblend lgsg mencair dan cepat meresap. So far pake ini nggak pernah ada efek samping negatif, tp mmg kadang agak panas gtu rasanya. Fragrancenya jg ngga lebay, malah kaya bau bedak bayi gitusangat rekomendasi aplg pecinta mekap yg butuh skinprep sat set",Shopee,5,Skinaqua UV Moisture Gel,59,dewasa muda,Jangka Pendek,recommend,Medium,Warm
chaerunnisamrwh,Combination,2024-09-27,"Sunscreen yang udah krg lebih 5 tahun selalu purchase dan purchase lagi, untuk textute gel ini buat muka lebih glow dan lumayan buat muka segar banget after pakai. Tpi untuk yg muka oily sebenarnya krg bagus krn cpt minyakan bgt jadinya. Biasanya abis pakai ini aku tetap pake powder biar gak kinclong bgt mukanyahehe",Guardian,5,Skinaqua UV Moisture Gel,60,dewasa muda,Jangka Panjang,recommend,Medium,Neutral
meimeithekid,Oily,2024-09-24,"First time pake sunscreen ini kaget banget karena teksturnya cair dan lightweight banget. Bener bener lightweight yang gak kerasa tapi spfnya kerasa nempel di muka. Sayangnya, ini kan katanya diformulasikan untuk kulit oily, tapi dia gak matte sama sekali, malah after pakainya keliatan makin oily. Ngeset juga keliatan menceling oily jadi harus diset pake bedak klo nggak ya harus diblotting. Tapi oke bgt formulasi yang baru udah spf50",Shopee,4,Skinaqua UV Moisture Gel,50,remaja,Jangka Pendek,recommend,Medium Light,Warm
lemonteaaaa12,Normal,2024-09-18,Pertama kali memakai ini sekitaran 2 tahun yg lalu dan ternyata cocok bgt di kulit aku. Ga bikin beruntusan dan tidak membuat jerawatku meradang. Penantian mencari sunscreen sepertinya berhenti sementara karena sunscreen skin aqua ini buat aku betah dan cocokğŸ¤ğŸ¼ dna aku pasti selalu nyetok cadangan ehehe,Guardian,5,Skinaqua UV Moisture Gel,42,dewasa muda,Jangka Panjang,recommend,Medium,Neutral
Hrsheli,Combination,2024-08-24,"mungkin cocokÂ²an kali ya, soalnya di aku kureng. pernah nyoba variant yg berbeda tapi sama aja. nyobain ini karna di adek aku bagus, bikin glowing. di aku malah kusam :( padahal biasanya sunscreen ada efek cerahnya gitu. ini juga bikin kulitku berminyak bgt. oksidasinya di aku cepet bgt sad :((",Shopee,3,Skinaqua UV Moisture Gel,78,dewasa matang,Jangka Pendek,recommend,Medium,Neutral
dvinagfk,Normal,2024-09-21,"skin aqua sunscreen warna biru ini sempat aku coba dan langsung cocok jugaa, ini produk sangat gampang nyerapnyaaa, dan no white cast jujur gaiss, dan after apply dia lembab di mukaa, sangat sangat worth it untuk harganya, dan gampang ditemuin dimana aja",Shopee,5,Skinaqua UV Moisture Milk,76,dewasa muda,Jangka Menengah,recommend,Medium,Neutral
missindriii,Oily,2024-09-22,"Inget banget dulu sewaktu kunjungan ke PT. Rohto aku dapat goodie bag sunscreen ini. Aku inget banget karena bentuk botolnya nggak pernah berubah dari dulu. Dulu brand ini masih belum terkenal. Dari segi tekatur cukup enak sih walaupun bukan sunscreen favorit aku. Belum pernah pakai lagi sampai sekarang. Siapa tahu formulanya udah berubah dan lebih baik, iya kan?",Gift dari PT. Rohto,4,Skinaqua UV Moisture Milk,51,dewasa matang,Jangka Pendek,recommend,Medium,Warm
Eurima_Zahra,Dry,2024-09-24,"Pake ini dari dulu waktu sunscreen belum sebooming sekarang, dulu pilihannya limited dan pilihan ku jatuh ke skin aqua.. udah gatau berapa kali aku repurchase karena sebagus ituu buat kulit normal, kering dan oily",Shopee,5,Skinaqua UV Moisture Milk,50,dewasa muda,Jangka Panjang,recommend,Medium Light,Neutral
adelineputrif,Combination,2024-09-25,Bener bener cocok dikulitku dan ga bikin white case.Meresap dikulit dan jadi terlihat glow di kulitku.harganya juga addorable.Pokoknya aku sering banget rekonendasiin ke temen temen kalo pengen pake sunscreen yang ringan dan ramah di kantonf wajib nyobain skin Aqua,Female Daily Studio,5,Skinaqua UV Moisture Milk,73,dewasa muda,Jangka Panjang,recommend,Medium Light,Neutral
amaziagrace,Combination,2024-09-28,"Tekstur milky yang bikin wajah lembab dan healthy glow. Tidak ada aroma dan cocok untuk kulit kering atau kombinasi. Suka banget, karena kadang dirumah males pakai pelembab, bisa pakai sunscreen ini ! Bisa jadi base makeup dan moisturizer",Super Indo,5,Skinaqua UV Moisture Milk,53,dewasa muda,Jangka Pendek,recommend,Medium,Warm
chaerunnisamrwh,Combination,2024-09-27,"Beli sunscreen ini sebenarnya krn salah ambil, niatnya mau beli yang gel tpi belinya milk. Tpi ternyata untuk kulit berminyak lebih enakan pakai yang milk, krn jauh lebih cepat meresap dan gak bikin muka minyakan banget abis dipakai. Ada whitecasenya dikit tpi buat muka jauh lebih segar aja jadinya",Guardian,5,Skinaqua UV Moisture Milk,60,dewasa muda,Jangka Menengah,recommend,Medium,Neutral
Bunga_Aulia10,Oily,2024-09-27,"Beberapa bulan ini aku lagi nyobain pakai sunscreen yang satu ini, penyerapannya sangat mudah dan ringan ketika di aplikasikan ke wajah, tone up nya bagus, sehingga kita tidak akan berasa berat di wajah atau lengket setelah di aplikasikan.",Shopee,4,Skinaqua UV Moisture Milk,60,dewasa muda,Jangka Menengah,recommend,Medium Light,Cool
kayyyyyy,Normal,2024-09-28,aku suka skin aquaa!! aku reccommend kalian punya produk ini soalnya personally aku suka banget ga bikin kulit kalian kering dan gak whitecast terus nyari produk ini gampang banget lagi banyak di supermarket bisa dicari jadi aku saranin ini,Guardian,4,Skinaqua UV Moisture Milk,53,dewasa muda,Jangka Pendek,recommend,Medium,Neutral
stefanihalim_07,Combination,2024-09-17,"sunscreen yang paling ringan dan nyaman banget, teksturnya milky dan sedikit oily (jadi harus dishake dulu),untuk kulit kombinasi kaya aku ga masalah sih sama tekstur milky oily nya (malah jadi ngelembapin kulit aku),tapi buat yang kulitnya oily mungkin pikir-pikir dulu yaa âŠ¹ â™¡",Guardian,5,Skinaqua UV Moisture Milk,61,dewasa muda,Jangka Menengah,recommend,Light,Neutral
givloves,Combination,2024-09-26,"Sunscreen yang emang okee gak ada white case teksture cair, isi juga agak banyak sih bisa bertahan 3 bulan kalau emang gak sering apply SS. Terkadang di kulit aku juga agak perih ketika kondisi kulit lagi kering, gak yang pering banget hanya kek cekit2 dikit . Oh ya ini juga mudah menyerap",Shopee,4,Skinaqua UV Moisture Milk,85,dewasa muda,Jangka Menengah,recommend,Medium,Neutral
angelinaa_,Oily,2024-09-17,"teksturnya ringan, gampang diblend, ga ada whitecast atau pun tone up, ga berbau juga dan agak bikin makin berkinyak sedikit. sejauh ini aman di kulitku yang sering jerawatan. sunscreen ini juga ga bikin muka jadi kusam dan butek pas udah dipake beberapa jam",Shopee,5,Skinaqua UV Moisture Milk,61,dewasa muda,Jangka Panjang,recommend,Medium Light,Neutral
Dessysundary,Combination,2024-09-12,"Suscreen yg gak bikin white cast dan jerawatan di aku, apalagi mukaku sensitif abis ditambah ada beberapa sunscreen yg aku coba itu mereka bikin perih dikata apalagi kalo lagi diluar ruangan, jadi gak nyaman banget buat aku yg doyan motoran",AEON,5,Skinaqua UV Moisture Milk,0,dewasa matang,Jangka Menengah,recommend,Medium Dark,Warm
ahff26,Normal,2024-09-15,"Enak banget dia ga white cast di muka. Meresapnya juga cepet. Ada efek melembabkannya di kulit aku yang normal to dry ini. Bagus banget di aku cocok sih, udh pake dari tahun 2022. Sebelumnya aku kalo pake sunscreen suka perih di mata, ini ngga.",Shopee,5,Skinaqua UV Moisture Milk,54,dewasa muda,Jangka Panjang,recommend,Medium Light,Neutral
Khansa_280412,Combination,2024-09-13,"Produknya bagus, sunscreen nya cepat buanget meresap nya lalu ringan dipakai sehari hari dan no whitecast pokok nya ini harus dikasih bintang lima sih pokok nya bagus skinaqua jangan lupa vote ya terimakasih ğŸ™ğŸ™ğŸ™",Guardian,5,Skinaqua UV Moisture Milk,0,remaja,Jangka Panjang,recommend,Medium Light,Cool
vickyaraM,Combination,2024-09-13,"Tau produk ini karna teman, dia bilang produk inj bagus dan sepertinya akan cocok di muka saya yang sensitif. Lalu pada saat saya membelinya memang bagus sekali produknya tidak berat di muka dan rasanya seperti susu sekali warnanya putih dan bagus sekali menahan sinar matahari. Kebetulan saat saya mempunyai produk ini saya sering keluar rumah dan memang bagus rasanya. Mudah untuk di reapply juga.",Shopee,5,Skinaqua UV Moisture Milk,0,dewasa muda,Jangka Pendek,recommend,Light,Neutral
alyasausann,Combination,2024-09-29,Tekstur cair harga ramah di kantong buat budget pelajar udah dapet sunscreen sebanyak ini. Cocok buat kulit sensitif kayak aku. Mudah didapatkan dimana aja. Soon pengen cari yg physical aja karena katanya lebih aman buat kulit berjerawat.,Shopee,4,Skinaqua UV Moisture Milk,61,remaja,Jangka Menengah,recommend,Medium,Warm
bore,Combination,2024-09-11,"sunscreenn ini bener bener bagusss bangett untuk dipakai dibawah makeup, karna bikin kulit lembab. teksturnya agak cair, mudah di blendd. diaa jugaa claim spf 50+ pa+++. cocok bangettt untukkk pemakaiann seharii-harii. harganya jugaa ramahh di kantong pelajarr.",Tokopedia,5,Skinaqua UV Moisture Milk,0,remaja,Jangka Menengah,recommend,Medium Dark,Cool
nadiamaudy,Combination,2024-09-10,"tekstur milky, gampang bgt di blend, sangat ringan dikulit, ga bikin whitecast, bikin kulit lembut bgt dan termoisturize kenyal. all skin type cocok banget pastinya, also ini ga bikin kulit berminyak. baguss bgtt sihh.",Shopee,5,Skinaqua UV Moisture Milk,51,remaja,Jangka Pendek,recommend,Medium Light,Cool
Salsabilaa31,Combination,2024-09-02,"sebenernya teksturnya enak, cuma tuh lama meresap trs buat oily skin tuh sumuk bgt rasanya malah makin berminyak. bagusnya dia klo dipake pas kulit lagi sensitive sama sekali nggak perih sih. lebih suka yg tutup putih itu dibanding yg ini sih.",Lazada,3,Skinaqua UV Moisture Milk,50,dewasa muda,Jangka Menengah,recommend,Medium,Neutral
Shandyagia,Combination,2024-08-31,"Lupa beli dimana karena beberapa kali coba coba beberapa varian skin Aqua. Teksturnya lotion cair wattery. Gampang menyerap ke kulit, bikin kulit lembab. Ukurannya mungil, gampang dibawa kemana mana, tapi teksturnya yg cair bikin gampang tumpah kalo kepencet dari kemasan.",Lupa beli dimana,4,Skinaqua UV Moisture Milk,0,dewasa matang,Jangka Pendek,recommend,Medium Light,Neutral
Trisnie,Combination,2024-08-29,Teksturnya cair jadi mudah di-blend dan dikulit mid 30 kayak aku ternyata bekerja dengan baik dan gak berminyak walaupun biasanya di bagian hidung udah kayak pabrik minyak tapi fine2 aja di aku. Selain itu gak bikin jerawatan karena muka aku sensitif bgt aslinya,Watson,5,Skinaqua UV Moisture Milk,45,dewasa matang,Jangka Menengah,recommend,Medium Light,Cool
KitKath,Oily,2024-08-27,"Dulu sempat pake sebentar. Awalnya oke-oke aja, dia ini cukup ringan meskipun agak sedikit berminyak menurutku dan baunya tipikal bau sunscreen, tapi beberapa hari kemudian muncul tekstur dan komedo di kulit wajah. Jadi aku nggak terusin lagi karena takut malah jadi jerawatan. Ini nggak cocok di kulitku yg berminyak dan acne prone.",Gift,2,Skinaqua UV Moisture Milk,69,dewasa muda,Jangka Pendek,not recommend,Light,Neutral
verodelcano09,Oily,2024-08-22,"wow produknya agak mungil, untuk kulit yang berminyak, awal-awal bikin kusam karena mukaku yg super oily, tapi pas dah dipake lama dia kayak kontrol minyak berlebih, lembab, glowing juga, untuk tekstur dia ini agak cair tapi cepat meresap kok, tapi untuk beli lagi, aku enggak deh, bikin kusam",Sample,3,Skinaqua UV Moisture Milk,73,dewasa muda,Jangka Pendek,not recommend,Medium Light,Warm
nurintan77,Normal,2024-09-15,"Selama pemakaian produk yang sudah ke 5x nya sangat cocok untuk kulitku yang lumayan sensitif, menurutku produk ini membuat wajahku lembab dan cerah, tidak meninggalkan whitecase juga, ini adalah sunscreen favoritku.",Brand Website,5,Skinaqua UV Moisture Milk,54,dewasa muda,Jangka Menengah,recommend,Light,Neutral
nashazawardani,Oily,2024-10-02,"sunscreen hybrid yang lightweight, muka ga berasa berat pake sunscreen ini, tekturnya milky gitu jadi kalo pake ini rasanya kaya pake moisturizer juga!! di aku ga bikin komedoan sih, st ku oily tp pake sunscreen ini ga bikin tambah oily!ğŸ’–",Tokopedia,5,Skinaqua UV Moisture Milk,58,dewasa muda,Jangka Pendek,recommend,Medium Dark,Warm
itaaaafiryal_,Combination,2024-08-20,"setelah mencoba semua varian sunscreennya skin aqua, aku paling suka sama yang moisture milk ini! walaupun direkomendasikan untuk dry skin tp dikulitku yang kombinasi ini bagusss!! hidrasinya dapet banget, ga bikin kusam ataupun lengket, ga whitecast, ga piling, juara deh pokonya. untuk komedo so far ga muncul sih ya asal double cleansing. bakal terus2an repurchase yg varian inii deeh krn emg sesuka itu!",XBeauty by Female Daily,5,Skinaqua UV Moisture Milk,63,dewasa muda,Jangka Pendek,recommend,Medium,Neutral
ainurrofiqoh_,Oily,2024-10-07,"Teksturnya watery tapi karna terlalu tinggi spf nya jafi bikin yang punya tipe kulit berminyak agak bikin banyak muncul komedo atau sebum gitu, jdi ini bisa cocok ke kulit normal to dry, kalo buat penggunaan daily diluar ruangan ini pas karna spf nya tinggi",FD Try and Review,4,Skinaqua UV Moisture Milk,54,dewasa muda,Jangka Pendek,recommend,Medium Light,Warm
galuhprdnii,Normal,2024-10-04,"Sebenernya produk ini bagus untuk kulit orang lain, karena kakak aku cocok pake variant ini, butt sorry bgtğŸ˜­ ini salah satu produk dengan variant yang sangat mengecewakan aku padahal yg tutup putih cocok bgt, aku kira pindah tutup ga sengefek itu. Tapi kenyataanya ternyata muka aku langsung gosong setelah beberpaa kali pemakaian, kusam dan kering bener2 jadi rusak skin barier akuğŸ˜­ğŸ™ğŸ» but balik lagi ya, skincare itu cocok2an bgt ternyatağŸ˜Œ",Tokopedia,1,Skinaqua UV Moisture Milk,72,dewasa muda,Jangka Pendek,not recommend,Medium,Neutral
Adryanfahmi,Combination,2024-11-17,"Sangat cocok untuk yang memiliki oily skin dan kombinasi, memiliki tekstur yang light sehingga tidak membuat muka menjadi berat setelah di apply.Packaging yang sangat memudahkan ketika ingin re-apply di siang hari.Memiliki spf 50++ yang sangat cukup untuk melindungi dari sinar UV",Super Indo,5,Skinaqua UV Moisture Milk,47,dewasa muda,Jangka Panjang,recommend,Medium Light,Neutral
belladwiayunda,Combination,2024-11-17,"Aku udah nyobain hampir semua jenis sunscreen skin aqua, dan menurut ku varian ini yang paling moist di kulit, menghidrasi dan memproteksi kulit dari sinar matahari dengan sangat baik, padahal aku sering kegiatan outdoor Dari segi harga affordableDari segi packaging jg gk trllu gede, jadi mudah di bawa kemanaÂ²",Shopee,5,Skinaqua UV Moisture Milk,47,dewasa muda,Jangka Pendek,recommend,Medium,Neutral
resina,Oily,2024-11-16,"Murah tapi g murahan. Hasilnya aku suka sih, dewy finish di kulit oilyku. Ringan dipake dan g bikin nambah jerawat baru. Tekstur cair, cepet meresap dan gada whitecast juga. Sempet jadi SS favorite ku ber bulan2, cuma karna bosen akhirnya nyoba2 merk lain.",Shopee,4,Skinaqua UV Moisture Milk,46,dewasa muda,Jangka Panjang,recommend,Medium Light,Neutral
elzeaque,Combination,2024-11-15,"Ini udah wadah ke 2 yang aku habisin dari produk ini. Dan aku masuk jarang banget repurchase kalo enggak bener-bener bagus dan cocok. Dan produk ini beneran bagus dan tahan lama banget. Isinya banyak dan formulanya aku suka banget. Di pake sebelum makeup gak bikin makeup jelek malah jadi real skin dengan efek glow yang gak becek. Minusnya mungkin kalo di pakai lumayan lama jadi kusam, juga pakai kebanyakan kadang bikin jadi cepet longsor makeup",Shopee,5,Skinaqua UV Moisture Milk,46,dewasa muda,Jangka Menengah,recommend,Medium Dark,Neutral
Mutiara_442,Oily,2024-11-13,"Sangat cocok sekali di kulit ku yang berminyak ini, menambah warna tone muka tanpa membuat muka terlihat dempul. Memiliki efek mencerahkan untuk kulit ku ini, terasa ringan digunakan dan tidak berat di muka. Penggunaan dengan cara dikocok terlebih dahulu lalu gunakan sebanyak 2 ruas haridan dioleskan secara merata dimuka kita.",Tiktok Shop,5,Skinaqua UV Moisture Milk,41,dewasa muda,Jangka Panjang,recommend,Medium Light,Neutral
blossomchii,Combination,2024-11-05,"cobain ini karena pas itu iseng ke sociolla, terus nyobain texturenya skin aqua, kaget, kok enak bangett?!! ini ringan, lembab dan cepet ngeresap di kulit! cocok buat kulit aku yg kering kerontang, walaupun dia ringan tapi masih lembab gitu, untuk perlindungan dari sinar UV nya sendiri aku kurang tau sih karena jarang habisin waktu lama di outdoor. cuma kalo produk dari jepang ya percaya sih pasti sesuai klaimnya :D",Shopee,5,Skinaqua UV Moisture Milk,48,dewasa matang,Jangka Pendek,recommend,Medium Light,Neutral
Belladonnaly,Combination,2024-11-04,"setelah sekian lama aku cari sunscreen sana sini, eh ini yang paling menurut aku bagus dan cocok buat akuu! gampang di blend, tekstur cair yang ga bikin ngerasa kulit kering setelah dipakai atau kasar. ga bikin kusam jugaa sunscreen nya! karna aku udah pakai beberapa sunscreen dan hasilnya dimuka selalu kusam, aku tau sunscreen ini karena rekomendasi temen, dan ternyata ini emang worth it to buy! aku bakal pakai terus dan ga akan ganti sepertinya, tapi aku juga mau coba temennya sunscreen ini yang UV whitening milk. mau tes cocokan yang mana hehe, love this sunscreen!",C&F,5,Skinaqua UV Moisture Milk,60,remaja,Jangka Pendek,recommend,Medium,Neutral
sabrina26_,Normal,2024-11-03,"Rangkaian Skin Aqua diklaim hypoallergenic dan bebas dari alkohol, pewangi buatan, dan pewarna. Ini berarti produk ini minim iritasi dan sangat cocok bahkan untuk kulit sensitif sekalipun. harganya juga terjangkau dan tidak ada efek sampingnya",Shopee,5,Skinaqua UV Moisture Milk,0,remaja,Jangka Menengah,recommend,Medium,Neutral
inetassya,Oily,2024-11-03,"Harganya ramah di kantong, Teksturnya sedikit cair after pakai bikin muka glosy enak di pakai, tidak perih saya pakai dari SMA sampai kuliah, warnanya agak sedikit putih, murah kalau beli di shopee kalau beli di toko kosmetik agak mahal .,",Shopee,5,Skinaqua UV Moisture Milk,0,dewasa muda,Jangka Pendek,recommend,Medium Light,Neutral
Anabella483,Oily,2024-11-02,Setelah saya memakaki nya Efek nya jadi buat kulit di minyak berkurang dan cocok untuk kulit yg oily atau berjerawat dan tekstur nya tidak terlalu cair dan sangat cocok di pakek untuk sehari hari dan harganya terjangkau juga untuk kantong mahasiswa,Shopee,5,Skinaqua UV Moisture Milk,64,dewasa muda,Jangka Pendek,recommend,Medium,Warm
mahrisa,Oily,2024-11-02,Saya sudah sangat lama memaki produk skinaqua uv moisture milk ini dan produk ini sangat bagus serta cepat menyerap di kulit serta melembutkan dan dengan spf yang tinggi mampu melindungi kulit di siang hari dari sinar matahari yang panas dan,Shopee,5,Skinaqua UV Moisture Milk,64,dewasa muda,Jangka Menengah,recommend,Medium,Neutral
frestadmy,Combination,2024-11-07,"Produk ini sangat rekomendasi untuk kalian yang punya tipe kulit wajah kombinasi, membuat kulit menjadi lebih moist namun tidak menjadikan kulit jadi oily. Untuk harga sangat worth it karena memang benar benar bagus dan tidak overclaim.",Shopee,5,Skinaqua UV Moisture Milk,39,dewasa muda,Jangka Panjang,recommend,Medium,Neutral
anjuchrstina,Dry,2024-11-01,"Milih sunscreen termasuk hal yang paling tricky yakan.Semenjak kenal product ini gak perlu khawatir lagi muka terlihat kusam saat pake sunscreen.Selain itu,cocok juga dipake buat base make up. Variannya juga ada banyak.Keliatan bangetkan productnya peduli semua jenis kulit",Shopee,5,Skinaqua UV Moisture Milk,0,dewasa muda,Jangka Pendek,recommend,Medium,Cool
putudayana,Dry,2024-10-08,"teksturnya ringan pas di aplikasikan juga ringan tapi sayang banget d aku ga cocok malah bruntusan ğŸ˜­tali baca baca review banyak yang cocok, teteo akan kurekomendasikan karena emang ringan dan ada efek tone up sikit, wajah jadi keliatan glowing",Shopee,5,Skinaqua UV Moisture Milk,65,dewasa muda,Jangka Pendek,recommend,Medium,Warm
tettimuliati1971,Combination,2024-11-01,Sunscreen ter luv. Gak akan pernah kecewa sih sama sunscreen ini. Mana gampang banget di blend dan gak bikin kulit kering. Secinta itu sama skin aqua. Kalo soal purcase pasi YES!sih.. soalnya emang paling cocok sama ini sunscreen ter the best deh pokoknya,Shopee,5,Skinaqua UV Moisture Milk,0,paruh baya,Jangka Panjang,recommend,Medium,Warm
Asterisiriusis,Oily,2024-10-08,Salah satu produk sunscreen yg pernah aku coba dan repurchase karena harganya yg terjangkau dan memenuhi ekspetasiku. Teksturnya kadang bikin makin berat di muka yang berminyak. Aku suka karena tidak mengandung alkohol dan pewangi jadi ga ada aroma yang mengganggu. Penggunaannya mudah tapi lengket dan butuh waktu untuk menyerap.,Shopee,4,Skinaqua UV Moisture Milk,65,dewasa muda,Jangka Menengah,recommend,Medium,Neutral
syifaah,Combination,2024-10-12,"Sunscreen dailyku, teksturnya milky dan pas buat wajahku yang kombinasi to dry. Ga terlalu perih dimata, cepet nyerap dan ga berminyak tapi sangat melembapkan diwajah. Repurchase udh 3 tahunan berkaliÂ², harga affordable dan isinya tuh lumayan banyak.",Alfamart,5,Skinaqua UV Moisture Milk,0,dewasa muda,Jangka Panjang,recommend,Medium,Neutral
ester26yuni,Combination,2024-10-17,"Sunscreen pertamaku, teksturnya kental to cair, sangat sangat melembabkan, ga perih di mata, aman buat kulitku yang jerawat, ga buat beruntusan, malah kalau lagi beruntusan kaya mau jadi sembuh gitu, mengecil, kadang ku apply ke tangan dan kaki, isinya juga lumayan banyak, pokoknya ini rekomen bgt",Shopee,5,Skinaqua UV Moisture Milk,44,dewasa muda,Jangka Panjang,recommend,Medium,Neutral
litta_lotti,Dry,2024-10-16,"Salah satu sunscreen yg udh jadi hollygrail bertahun tahun, cocok banget di muka ku yg kering dan acne prone, gak bikin muka jadi kusam under makeup pun cakepâœ¨Hasilnya bikin glowing, cepet menyerap dan gak lengket di wajah.. oia di area mata pun gak bikin perihâœ¨",Shopee,5,Skinaqua UV Moisture Milk,62,dewasa matang,Jangka Panjang,recommend,Light,Warm
Tsalisarahmah,Combination,2024-10-27,"Tekstur nya tidak lengket, enggak whitecast, harganya terjangkau, enggak buat kulit kering, membantu buat kulit lembap terus, gk ada tambahan parfum, pewarna dan alkohol, bisa dipakak daily sebelum make up an, pokoknya very worth ittttt",Guardian,5,Skinaqua UV Moisture Milk,100,dewasa muda,Jangka Panjang,recommend,Medium,Neutral
hellozuuu,Normal,2024-10-27,"Mungkin untuk sebagian orang sunscreen ini berminyak, tapi tidak berlaku di kulitku, malah kulit terasa lembab & sehat. Aku udah pakai mulai dari awal kuliah (2015) sampai aku punya anak (2024). Bahkan sunscreen ini aman dipakai saat aku hamil. Setiap event Xbeauty wajib restock sih, karena udah pasti selalu digunain.",XBeauty by Female Daily,5,Skinaqua UV Moisture Milk,100,dewasa muda,Jangka Panjang,recommend,Medium,Warm
Halimahtusakdiyah,Normal,2024-10-29,"Di aku no whitecast , melembabkan, cocok utk semua jenis kulit yg memerlukan kelembapan dan prokteksi dalam waktu jangka panjang, terus teksturnya ringan tapi agak oily dikit. Utk spv 50+ PA+++ mengandung vit B5, E dan hyaluronic acid dan collagen.",Shopee,5,Skinaqua UV Moisture Milk,0,dewasa matang,Jangka Panjang,recommend,Medium Light,Neutral
Cherry_Aprillia,Normal,2024-10-31,"Sunscreen teringan yang aku pakai, gampang banget ngebland nya, tapi aku ngerasa tone up nya ini sedikit white case tapi aman. Gak pedih kalau dipakai keringetan, basah - basahan, plusnya lagi jadi base makeup juga aman. Buat yang mau hemat cocok nih 2 in 1, ada moisturizer sekaligus sunscreen.",Official Brand Store,5,Skinaqua UV Moisture Milk,0,dewasa muda,Jangka Menengah,recommend,Dark,Neutral
Metanindita,Combination,2024-10-20,"Ini salah satu favorite sunscreen aku waktu dulu. Tekstur nya ringan dan gak bikin breakout di wajah sensitif aku. Efeknya memang ngelembabin banget sih, jadi aku gak saranin buat yg kulitnya emang berminyak buat pakai ini.",Hero,5,Skinaqua UV Moisture Milk,72,dewasa matang,Jangka Menengah,recommend,Medium Light,Neutral
Salsabilaqa06,Combination,2024-09-26,"Sunscreen andalan aku sih ini, ini klo cuma keluar bentar yg buru2 gitu ini oke banget, karna dia ada tone up nya jadi gak perlu lagi pakai bedak, dan spf nya juga udah tinggi 50 pa++++ gak bikin wajah kusam juga malahan bikin keliatan lebih seger wajah nya",Shopee,5,Skinaqua UV Whitening Milk,85,dewasa muda,Jangka Panjang,recommend,Medium Light,Cool
febrianty12,Oily,2024-09-27,"Sunscreen nya bener bagus sih , walau isinyaputih after di pakek nyatu sm sm warna kulit dan juga ga lengket jadi nyaman buat dipakeknya , aku udah pakek 2 tahunan kyknya , gabkin jerawatan atau berentusan , melembankan juga karena sebgai moist jg",Shopee,5,Skinaqua UV Whitening Milk,60,dewasa muda,Jangka Panjang,recommend,Medium,Neutral
alyayum,Combination,2024-09-26,setelah drama pencarian sunscreen no whitecast akhirnya nemuu yg cocok buat oily skin.feelsnya ga greasy juga.dipake buat base makeup juga gabikin crackfinishnya ga terlalu matte dan glowy nya pasdefinitely repurchase. luv bgt dehh pokoknyaaa,Shopee,5,Skinaqua UV Whitening Milk,85,dewasa muda,Jangka Menengah,recommend,Medium Light,Neutral
morindya,Oily,2024-09-26,"SkinAqua yang versi whitening ini termasuk sunscreen aman yang udah bebberapa kali repurchase juga. Selayaknya fungsi sunscreen pada umumnya kalo dipake daily aman, cuma dia ga waterproof dan kalo luntur dan masuk mata agak pedih dimata ya shaay. Selebihnya okeyy",Shopee,4,Skinaqua UV Whitening Milk,85,dewasa muda,Jangka Menengah,recommend,Medium Light,Neutral
Bela_24,Normal,2024-09-27,"udah pake ini dari lama banget, beneran bagusspf 50 sekalian buat ngelembabin kulit oke banget dehselama pake ini juga wajahku jadi tambah cerahanapalagi dikombo pake vitamin c, oke banget pokoknya",Shopee,5,Skinaqua UV Whitening Milk,60,dewasa muda,Jangka Panjang,recommend,Medium Light,Cool
nanisaaa,Combination,2024-09-29,The best skincare yang pernah aku cobaa. Paling setia repurchase ini sampai udah hampir tiga tahun aku pakai produk ini karena emang ga macem macem gitu finishnya dimuka jadi kalau mau lanjut makeupan aman banget. Tanpa makeup juga ga bikin kusam. I wish you all cocok juga dgn produk ini <3,Shopee,5,Skinaqua UV Whitening Milk,61,dewasa muda,Jangka Menengah,recommend,Medium Dark,Warm
melindarosap,Normal,2024-09-29,"Sunscreen favorit aku sejauh inii karena bikin muka aku nggak berminyak, melembabkan dan menurutku ada sedikit tone upnya juga tapi yang nggak bikin wajah abu-abu. Spfnya juga termasuk tinggi 50 PA++++ aku udh repurchase beberapa kali karena nyaman banget di kulit wajahku, worth to try!",XBeauty by Female Daily,5,Skinaqua UV Whitening Milk,61,dewasa muda,Jangka Panjang,recommend,Medium,Neutral
Mutiara1616,Dry,2024-09-29,"Sunscreen ini andalan banget! Nyaman di kulit, nggak bikin jerawatan, nggak clog pori-pori, dan ringan dipakai sehari-hari. Perlindungan maksimal tanpa rasa lengket atau berat di wajah! Ga bikin close comedo juga pokoknya recomend bangetttt",Shopee,5,Skinaqua UV Whitening Milk,61,dewasa muda,Jangka Menengah,recommend,Medium,Neutral
smeraldooo,Combination,2024-09-29,"ngga peeling di aku, sangat manjur buat menghalangi kulit gosong dan di kulit juga refreshing, teksturnya watery dan ngga ninggalij whitecast, mayan hemat juga dengan harga segini buat produk yang pemakaiannya agak lama, bikin kulit moist tapi ngga banjir keringet",Tokopedia,5,Skinaqua UV Whitening Milk,61,dewasa muda,Jangka Menengah,recommend,Medium,Neutral
krisnak,Dry,2024-09-29,Sangat cocok di kulit berjerawat maupun kombinasi bisa memberikan kecerahan 50 PA plus plus untuk Deli skin care harganya pun murah dengan isi 40 g kalian wajib banget cobain skin Aqua yang varian you Fi whitening mil karena bacil banget apalagi di event SD beautyï¿¼,Shopee,5,Skinaqua UV Whitening Milk,61,dewasa muda,Jangka Pendek,recommend,Medium,Warm
rachmaatussy,Normal,2024-09-25,"sunscreen kecintaan aku bangettttt, melembabkan, mencerahkan, menghilangkan bekas jerawat, bikin tone up setelah diblend dengan baik dan benarrrrr, bagusss bgt sukak gapernah ganti ganti sunscreen lagi setelah tau sunscreen skinaqua tutup putih, must buy!!!!",Shopee,5,Skinaqua UV Whitening Milk,73,dewasa muda,Jangka Panjang,recommend,Medium Light,Neutral
citra2727,Normal,2024-09-29,"awalnya aku nyoba aja karna di shope lagi diskon, saat itu kondisi muka aku ada pie dan itu lumayan bgt pudar karna di ss nya ada kandungan tranexamid acid yng katanya bisa buat pudarin pie. (+) untuk teksturnya menurutku ringan jadi mudah di blend(+) ga comedogenic tpi harus ttep double cleansing(+) nyarinya mudahh ga nunggu PO(+) lumayan murah(-) kalo di pake olahraga lumayan luntur",Shopee,5,Skinaqua UV Whitening Milk,61,remaja,Jangka Pendek,recommend,Medium Light,Cool
adibanida,Oily,2024-09-24,"Thisssss product i repurchase many many times. Aku yang cari sunscreen yang tidak bikin peeling, tidak bikin breakout, tidak lengket, tidak panas di kulit, tidak bikin kusam, tidak bikin gerah di kulit, aman buat ditimpa make up. Ini produk yang paling cocok. Dia solusi terbaik buat kulit yang rewel. And i love this product sooo muchh.",Shopee,5,Skinaqua UV Whitening Milk,50,dewasa muda,Jangka Panjang,recommend,Medium Light,Neutral
memom,Dry,2024-09-03,"Kemarin sempat lama sih pake ini setahunan , review mereka bisa mencerahkan karna ada tranexamic acid nya , tapi di kulit ku cerah yg di maksud adalah efek tone up dari ss ini . Selebih nya aman jaya , di pake nyaman enak , gak buat piling , gak bikin jerawatan , cuma ya buat apa gw pake ss tapi muka gw tetap kusam wwkwk",Lazada,3,Skinaqua UV Whitening Milk,61,dewasa muda,Jangka Menengah,not recommend,Medium,Neutral
dvinagfk,Normal,2024-09-21,"Skinaqua yang putih ini selama setahun ini aku repurchase terus karena ini produk baguss bangett, aku lebih suka ini daripada yang biru karena yg putih ini lebihh ringan dari yg biru menurutku, dan dia ada kesan whiteningnyaaa plis cobain biar ngerti feelnya wkwkkw, tapi tidak whitecast samsek gaiss aman",Shopee,5,Skinaqua UV Whitening Milk,76,dewasa muda,Jangka Menengah,recommend,Medium,Neutral
eternitys,Oily,2024-09-21,"my fav sunscreen <33 kurang lebih dari 2th aku pake sunscreen ini, bagus banget di aku. ga bikin kusem sama sekali karna ada tone upnya dan yang paling aku suka sunscreen ini tuh ada ingredient txa, jadi bisa mencerahkan juga. selain itu, sunscreen ini tuh ga piling sama mudah diblend. yang masih maju mundur mau beli ini, kalian harus coba! WORTH TO TRY â¤ï¸â€ğŸ”¥â¤ï¸â€ğŸ”¥",Shopee,5,Skinaqua UV Whitening Milk,76,dewasa muda,Jangka Panjang,recommend,Medium Light,Cool
AuraIsabelle,Oily,2024-09-19,"Tau-tau udah mau exp haha, jadi gas langsung pake. Aromanya chemical banget ya, khas banget. Tapi gak strong, jadi gak ngeganggu. Kemasannya sih sama kayak variant gel yang pernah aku coba, ujungnya runcing (bagian mulut botol). Teksturnya cenderung runny dengan warna putih. Biasanya aku pakai 2 jari (penuh) untuk area muka, telinga dan leher. Ditambah lagi, kalau ngerasa kurang. Sebenernya ini ngelembabin, jadi skip pelembab dipagi hari ya bisa aja. Sunscreen ini juga ringan. Diawal emang rada ashy tapi setelah settle, balal nyatu dikulit warnanya. Toneupnya bagus. Kalau kulitmu fair, bakalan lebih masuk. Kalau dipakai untuk di Rumah, oke-oke aja. Gak masalah. Kalau pakai ss ini, aku bisa ngolesin sampai ke kelopak mata tanpa khawatir (karna gak nimbulin rasa perih). Oh ya feels after used, matte & kerasa agak halus. Ss ini juga gak bikin greasy (padahal kulitku berminyak). Good prods!",Shopee,4,Skinaqua UV Whitening Milk,0,dewasa muda,Jangka Pendek,recommend,Medium,Cool
niananda,Combination,2024-09-18,"Sunscreen pertama aku , setelah galau pilih pilih mrek akhirnya pilihan ku jatuh ke skin aquaBeneran nyaman banget , gak lengket , gak whitecast , bikin lembab dan nyerahinGak bikin kusam juga pokonya gak bakal ganti sunscreen lagi deh",Shopee,5,Skinaqua UV Whitening Milk,42,dewasa matang,Jangka Menengah,recommend,Medium,Neutral
puspiitamhrn,Combination,2024-09-15,"pertama kali aku pake ss ini langsung di notice temen temen karena muka aku jadi cerahan, karena dia ada efek tone up nya, teksturnya cair, ga berbau, gampang di blend, saat di timpa make up ga bikin peeling, dia lightweight juga, spf nya 50 dan udah PA++++, dan harganya pun murah under 50k udah dapet produk yang sebagus iniiğŸ«¶ğŸ¼",Shopee,5,Skinaqua UV Whitening Milk,54,dewasa muda,Jangka Menengah,recommend,Medium Light,Neutral
amadeac,Dry,2024-09-10,"Waktu itu dapat sunscreen ini pas lagi join salah satu event Female Daily x Skinaqua. Personally aku suka banget sama tone up effect dari UV Whitening Milk by Skinaqua ini karena subtle dan no whitecast. SPF cukup tinggi jadi ngga khawatir untuk outdoor activity, tinggal rajin reapply aja. Moisturizing dan aman untuk dry skin, selain itu teksturnya juga cukup lightweight. I think this sunscreen is suitable for all skin types.",Female Daily Event,5,Skinaqua UV Whitening Milk,51,dewasa muda,Jangka Pendek,recommend,Medium,Neutral
Genovevaaptr,Oily,2024-09-10,"Aku udah repurchase 2x. Sunscreen ini ringan dan ada efek tone up yang mencerahkan. Gaada whitecast di kulitku, jadi nyaman di pake. Di kulit ku yg oily, dia ga bikin muka ku tambah berminyak dan dia jg cepat menyerap di kulit. Dia juga udah spf 50, jadi perlindungannya cukup untuk dipake daily di cuaca yg panas bgt inii.",Shopee,5,Skinaqua UV Whitening Milk,51,dewasa muda,Jangka Menengah,recommend,Medium,Warm
raddikaanggi,Combination,2024-09-09,"sunscreen dari dulu dan tetep bertahan di era gempuran produk lain diluar sanaa, dia teksturnya ringan dan cair. oke banget hampir ga ada white case nya. sejauh ini masih nyaman dan ga kegoda buat coba produk lain untuk sunscreen",Brand Website,5,Skinaqua UV Whitening Milk,0,dewasa muda,Jangka Panjang,recommend,Medium Light,Neutral
kireyjung,Combination,2024-09-05,"Keracun sm temen sih gara2 sunscreen favoritku yang dari korea udh mau abis. Aku coba yg varian white ini karena katanya bisa dipake di body juga. Pas coba apply di wajah dia mild gtu, butuh sekitar 5 menit buat dia meresap dan nge set di wajahku. Setelah itu dia semi matte finish, ringan kayak ngga berasa pake apa2 dan alhamdulillahnya kulit wajahku menerima walaupun kadang masih suka selang seling pake ss korea & skinaqua ini. Aku dapet harga pas live sekitar 38rban. Dan untuk claimnya yang aku rasain mungkin dia bisa melindungi wajahku dari Uv A & Uv B.. Untuk klaim lainnya belum aku rasakan, but so far so good.",Shopee,4,Skinaqua UV Whitening Milk,46,dewasa muda,Jangka Pendek,recommend,Light,Cool
eniB3kti_,Normal,2024-09-03,"Favorite ku banget sih, teksturnya putih kayak susu. Dia mudah nyerep di kulit, gak bikin berminyak juga dibanding sama si tutup birunya. Ada efek tone up nya juga jadi gak bikin kulit terlihat kusam.",Shopee,5,Skinaqua UV Whitening Milk,61,dewasa matang,Jangka Menengah,recommend,Medium Light,Cool
ricautami,Combination,2024-09-29,"tau sunscreen ini karena minta ke temen akibat gak bawa sunscreen sendiri, dan ternyata cocok di muka. ngga ada white case gampang meresap ke kulit muka dan gampang di blend juga. teksturnya gel putih ringan dimuka dan bakal selalu repurchase sih sunscreen ini.ğŸ¤©",Lazada,5,Skinaqua UV Whitening Milk,61,dewasa muda,Jangka Pendek,recommend,Medium Light,Neutral
najwaaulia_18,Oily,2024-08-28,"udah repurchase kedua kalinya, waktu itu sempet ganti sunscreen dan jadinya muncul jerawat akhirnya langsung balik ke sunscreen yg udah pasti cocok aja. teksturnya rinagan banget dan gk susah di blend nya gk ninggalin whitecast jadi sat set pake nya",Shopee,4,Skinaqua UV Whitening Milk,87,dewasa muda,Jangka Panjang,recommend,Medium,Neutral
Hadniindah,Combination,2024-08-24,"setelah nyobain beberapa sunscreen. finally, aku menemukan sunscreen yg cocok untuk kulit aku yg agak rewel dan kombinasi wkwk. sunscreen ini ga whitecast samsek dikulit aku huhuuu sukak!! lalu, ga buat greasyyy luvvv pokoknyaaa!",Official Brand Store,5,Skinaqua UV Whitening Milk,78,dewasa muda,Jangka Panjang,recommend,Medium,Neutral
arzahra,Combination,2024-09-22,"Bisa dibilang ss ini salah satu staple skincare aku krn menurutku emang cucok buat skin prep sebelum makeupğŸ‘ŒTeksturnya milky, light, gampang diblend dan ada efect tone up yg cakep di skintonekuâ€”no ashy samsekğŸ«¶ğŸ» Aku udah coba combo ss ini dg berbagai merk complexion dan no drama peeling or patchy, so luvğŸ’– meski kadang aku bosen pake ss ini muluğŸ¤£",Shopee,5,Skinaqua UV Whitening Milk,51,dewasa muda,Jangka Panjang,recommend,Medium Light,Neutral
destaraa,Normal,2024-09-29,"selalu repurchased sunscreen ini, belom pindah ke yang lain, mudah di blend, ga nimbulin whitecast di aku, dan bikin cerah. minusnya waktu itu nyoba dipake ke kulit yang lebih tan, dia nimbulin whitecast lama kelamaan nyatu sama kulit sih",Brand Website,4,Skinaqua UV Whitening Milk,61,dewasa muda,Jangka Menengah,recommend,Medium Light,Neutral
fii_petrichor,Combination,2024-10-28,"Skin aqua tutup putih ini cocok dijadikan base make up. Teksturnya watery lotion. Ada whitecast dikit kalau dipakai pas kulit basah atau kering. Tapi lama kelamaan bakal nyatu sama kulit. Ada tone up efek, gak pilling, gak perih di mata, finishnya dewy. No alcohol dan fragrance free.",Shopee,5,Skinaqua UV Whitening Milk,55,dewasa matang,Jangka Panjang,recommend,Medium Light,Neutral
dwiapriliyanii,Combination,2024-10-01,"Baru nyoba, biasanya pake yang biru. Tapi yang ini kaya lebih mate gitu di kulit, 11 12 sama yang tutup biru. Pokoknya cinta banget sama skin aqua ini, gak bikin muka makin berminyak plus gak bikin kusam juga ğŸ–¤",Shopee,5,Skinaqua UV Whitening Milk,44,dewasa muda,Jangka Pendek,recommend,Medium Light,Neutral
chintyamsr,Dry,2024-08-23,"kalau kamu cocok yang biru dan mau coba yang ada efek whiteningnya wajib coba sih! formulanya kaya yang tutup biru bedanya cuma di efek whitening aja tapi bukan yang sampai tone up ya. ringan, ngelembabin, dan ngga bikin abu2. dan bisa dijadikan sebagai pelembab juga, karena kalau kulit normal to dry pakai pelembab lagi jd gampang minyakan",Shopee,5,Skinaqua UV Whitening Milk,58,dewasa muda,Jangka Panjang,recommend,Medium,Neutral
belladwiayunda,Combination,2024-11-17,"Aku udah nyobain hampir semua jenis sunscreen skin aqua, dan menurut ku varian ini yang paling ada efek mencerahkan dikulit sesuai dengan claim nyaSelain itu juga melembabkan dan melindungi dgn sangat baik di aku yang suka aktivitas di outdoorGak tau aku udah repurchase berapa botol sanking suka nyağŸ˜—Kalian wajib cobain juga! â¤ï¸",Shopee,5,Skinaqua UV Whitening Milk,47,dewasa muda,Jangka Panjang,recommend,Medium,Neutral
itsyaye,Oily,2024-11-14,"Udah sebulan pake ini dan impresi aku ke produk ini tuh bagus, karena makin lama tuh jadi nyatu dan bikin glowing kulit. Tapi pas first apply rasanya whitecast bangetğŸ˜®â€ğŸ’¨ sampe jadi abu abu gitu, jdi harus bener bener diblend sih.",Shopee,5,Skinaqua UV Whitening Milk,33,remaja,Jangka Pendek,recommend,Medium Light,Neutral
lulukanisam,Dry,2024-11-08,Aku pakai sunscreen ini sudah 3 tahun lebih. Termasuk murah dengan isi 50 ml. Awalnya pakai yang tutup biru sama sama cocok tapi lebih pas yang varian ini. Satu botol pemakaian setiap hari bisa untuk kurang lebih 3 bulan. Dan senengnya dipakai dibawah make up sederhana aman-aman aja.,Shopee,5,Skinaqua UV Whitening Milk,45,dewasa muda,Jangka Panjang,recommend,Medium,Neutral
anitaamaliaa,Normal,2024-11-07,"sunscreen kecintaan aku bangettğŸ«¶ğŸ»dulu awal pake yg biru tp malah bikin kusam huhu, akhirnya cobain yg putih dan surprisingly cocok buat kulit aku yang kering ini hahah, dan sunscreen ini tuh sedikit kasih kesan cerahan di wajah omgg love it!!",Shopee,5,Skinaqua UV Whitening Milk,39,dewasa muda,Jangka Panjang,recommend,Medium Light,Neutral
Cocobrownes,Combination,2024-11-06,"Best sunscreen yg pernah aku coba. Teksturnya agak cair & ringan, lumayan gampang di blend & cepet meresap. Ada efek memutihkan/whitecast tp ga yg bikin abu2, malah bikin cerah. Yg aku suka dari ss ini amazingly ga bikin mukaku kusem & berminyak. Awal2 mate, lama2 agak glowing. Bakal repurchase lagi karena ga bikin breakout jg. Btw kulitku yg tipe kombinasi & gampang jerawatan.",Shopee,5,Skinaqua UV Whitening Milk,50,dewasa matang,Jangka Pendek,recommend,Medium Dark,Warm
him3ru,Normal,2024-11-04,"untuk kulit aku yg kombinasi ini cocok bgt!! ada tone up dikit tapi ga bikin abuu :DD ini favourite suncreenku sih.. aku udh pake selama 3 taunan dan aku ga berani ganti ke ss lain krna ss ini bkin kulit aku cerahan dan skrg lebih cerah muka dripd tangan WKWKW! mungkin di sekitar hidung agak oily yaa tp itu ga mengganggu bgt, tinggal touch up pake bedak tabur dan selesai deh! WORTH IT BGTTTT ğŸ©·ğŸ©·ğŸ©· sungkem sm skin aqua ğŸ™ğŸ™ğŸ™",Shopee,5,Skinaqua UV Whitening Milk,60,remaja,Jangka Panjang,recommend,Medium Light,Neutral
yolandatrgg05_,Dry,2024-11-03,"skinqua cocok untuk kulit saya yang kering dan juga sangat ringan dipakai di kulit saya selain itu sangat mudah nyerap sunscreen nya dan juga harga yang terjangkau untuk pelajar/mahasiwa, sangat worth it pokoknya dan juga sangat mudah ditemukan di oficial shop",Official Brand Store,5,Skinaqua UV Whitening Milk,0,dewasa muda,Jangka Pendek,recommend,Medium,Cool
indahrbb3_,Combination,2024-11-03,"Skin Aqua UV Whitening Milk merupakan sun protection dengan kandungan SPF 50 untuk perlindungan 50x lebih lama terhadap sinar UV-B yang menyebabkan kulit terbakar dan PA++++ untuk perlindungan terhadap UV-A yang menyebabkan penuaan dini dan kulit menjadi lebih gelap. Mengandung Improved Hyaluronic Acid (AcHA) untuk melembabkan dan melembutkan kulit. Mengandung Tranexamic Acid untuk mencerahkan dan menyamarkan noda hitam di kulit. Tidak menggunakan bahan pewarna dan parfum. Water based formula yang cepat meresap, ringan di kulit, dan tidak menimbulkan whitecast",Shopee,5,Skinaqua UV Whitening Milk,0,dewasa muda,Jangka Menengah,recommend,Medium Light,Neutral
_ririnbutarbutar,Normal,2024-11-03,"Cocok sama sunscreen Skin Aqua UV Whitening Milk merupakan sun protection dengan kandungan SPF 50 untuk perlindungan 50x lebih lama terhadap sinar UV-B yang menyebabkan kulit terbakar dan PA++++ untuk perlindungan terhadap UV-A yang menyebabkan penuaan dini dan kulit menjadi lebih gelap. Mengandung Improved Hyaluronic Acid (AcHA) untuk melembabkan dan melembutkan kulit. Mengandung Tranexamic Acid untuk mencerahkan dan menyamarkan noda hitam di kulit. Tidak menggunakan bahan pewarna dan parfum. Water based formula yang cepat meresap, ringan di kulit, dan tidak menimbulkan whitecast",Shopee,5,Skinaqua UV Whitening Milk,0,dewasa muda,Jangka Panjang,recommend,Medium Light,Neutral
Reffii,Combination,2024-11-03,"sunscreen yang sangat bagus, dikarenakan sunscreen ini tidak bikin komedoan ditambah dapat melembabkan kulit kita dan poin plusnya gak kusam saat pemakaian. ada sedikit tone up dikulit tapi masih normal dan tidak bikin abu abu. pokoknya sangat bagus",Female Daily Studio,5,Skinaqua UV Whitening Milk,0,dewasa muda,Jangka Menengah,recommend,Medium Light,Neutral
Diitsfr,Dry,2024-11-02,"Tekstur cair banget, mudah diaplikasikan juga. Ada whitecasnya juga, gatau juga ini physical atau chemical sunscreen. SPF nya lumayan works dibawa joging panas panasan dia gak bikin gosong. Cuma tuh kayanya harus beneran ngeset gitu deh baru bisa dipake keluar. Soalnya kalau keringatan dia luntur",Shopee,4,Skinaqua UV Whitening Milk,64,dewasa muda,Jangka Menengah,recommend,Medium Dark,Warm
liaaayaa,Combination,2024-11-01,"Cocok bgtt di kulit aku yg berminyakk, hasilnya matte wajib repurchase ga cakey ga whitecast, kemasannya lucu, awalnya nyoba krna ini katanya cocok untuk kulit berminyak dan ternyata bener dong, gak nimbulin apa apa dimukaku nyaman banget pakenya",Guardian,5,Skinaqua UV Whitening Milk,0,dewasa muda,Jangka Pendek,recommend,Medium Dark,Neutral
sekarrmln24,Normal,2024-09-30,One of the best sunscreen yang pernah aku pake!Love banget karena gaakan nimbulin whitecast dan texture nya yang gampang banget di blendğŸ¤Selalu repurchase karena emang sebagus ituu dikulit aku yang combine to oily. Big love Rohto!!,XBeauty by Female Daily,5,Skinaqua UV Whitening Milk,58,dewasa muda,Jangka Menengah,recommend,Medium,Neutral
kharinaareeisty,Combination,2024-11-01,"Skin Aqua UV Whitening Milk merupakan sun protection dengan kandungan SPF 50 untuk perlindungan 50x lebih lama terhadap sinar UV-B yang menyebabkan kulit terbakar dan PA++++ untuk perlindungan terhadap UV-A yang menyebabkan penuaan dini dan kulit menjadi lebih gelap. Mengandung Improved Hyaluronic Acid (AcHA) untuk melembabkan dan melembutkan kulit. Mengandung Tranexamic Acid untuk mencerahkan dan menyamarkan noda hitam di kulit. Tidak menggunakan bahan pewarna dan parfum. Water based formula yang cepat meresap, ringan di kulit, dan tidak menimbulkan whitecast",FD Try and Review,5,Skinaqua UV Whitening Milk,0,dewasa matang,Jangka Pendek,recommend,Medium Dark,Neutral
frnfsh_,Normal,2024-11-01,"Saya pakai sunscreen skin aqua udah dari smp, tapi untuk varian yang uv whitening milk baru dalam setahun ini, sebelumnya saya pakai yang uv moisture milk, varian yang ini cocok-cocok aja di kulit saya, coverage bagus, nambah tone up juga.",Shopee,5,Skinaqua UV Whitening Milk,0,dewasa muda,Jangka Panjang,recommend,Medium,Neutral
shakilaaurasurya,Normal,2024-10-31,"Sunscreen ini tidak meninggalkan rasa lengket atau berminyak, sehingga nyaman dipakai sehari-hari yang memiliki kandungan pencerah yang lembut. hasil akhir yang tampak natural membuatnya cocok dipakai sebelum makeup SKIN AQUA Whitening adalah pilihan favorit",Shopee,5,Skinaqua UV Whitening Milk,0,dewasa muda,Jangka Menengah,recommend,Medium Dark,Neutral
yulianur20,Normal,2024-10-29,"Sunscreen Skin Aqua UV Moisture Milk ini adalah salah satu sunscreen favorit aku, terutama untuk kulit yang mudah berminyak dan berjerawat. Produk ini punya tekstur cair seperti susu yang ringan dan mudah menyerap, jadi nggak terasa berat atau lengket di kulit. Meskipun punya SPF 50+ dan PA+++, formulanya nggak bikin wajah jadi white cast, jadi cocok banget untuk kulit dengan tone apa saja.Yang aku suka dari sunscreen ini adalah hasil akhirnya yang tetap membuat kulit terasa lembap tapi tidak berminyak berlebihan. Karena mengandung hyaluronic acid dan collagen, sunscreen ini juga bantu menjaga kelembapan kulit sepanjang hari tanpa membuat kulit kusam. Selain itu, tidak ada aroma yang menyengat, jadi nyaman dipakai setiap hari.",Shopee,5,Skinaqua UV Whitening Milk,0,dewasa muda,Jangka Panjang,recommend,Medium,Neutral
tsaaa,Oily,2024-10-28,"Efek Pemakaianâ€¢ Memberikan perlindungan yang baik terhadap sinar UVA dan UVB.â€¢ Teksturnya cair dan mudah meresap, tidak terasa berat di kulit. â€¢ Tidak Lengket: Setelah diaplikasikan, tidak meninggalkan rasa lengket, sehingga nyaman untuk pemakaian sehari-hari.â€¢ Bisa Digunakan Sebagai Makeup Baseâ€¢ Membantu memudarkan bekas jerawatTeksturmudah diratakanKemasanKemasan botol yang ramping dengan aplikator pump memudahkan pengambilan produk, Meminimalkan kontak langsung dengan produk, menjaga kebersihan.HargaMeskipun mungkin sedikit lebih mahal dibandingkan sunscreen lain, kualitas perlindungan dan kenyamanan pemakaian membuatnya sebanding dengan harga.",Shopee,5,Skinaqua UV Whitening Milk,55,dewasa muda,Jangka Panjang,recommend,Medium Light,Neutral
indaheyoo,Combination,2024-10-27,"Suncreen terlama yg aku pakai, karena harganya murah dan isinya banyak. Aku pakai ss ini untuk daily, lumayan melindungi wajah, ga buat kilang minyak, dan ga buat wajah kusam. Waktu aplikasiin ss ini harus nunggu bener2 kering, karena kalau langsung ditimpa make up atau bedak pasti langsung ada whitecast",Shopee,5,Skinaqua UV Whitening Milk,100,dewasa muda,Jangka Panjang,recommend,Medium,Neutral
desyringo,Combination,2024-10-27,"Produk Sunscreen Skin Aqua ""tutup putih"" emang good quality. Awalnya emang sedikit white case untuk kulit sawo matang cuman lama lama bakalan nyerap di kulit, gampang di gunakan, mudah untuk dibelik lagi, harganya ga mahal banget, terjangkau buat kalangan pelajarğŸ«¶",Shopee,5,Skinaqua UV Whitening Milk,100,dewasa muda,Jangka Pendek,recommend,Medium,Neutral
wabisabi,Combination,2024-10-27,"best sunscreen ever imo, teksturnya cair jadi mudah banget diapply, super duper ringan dikulit, trus kayak ada tone up nya gitu sikit jadi bikin muka keliatan lebih cerah, yang bikin makin cinta sama produk ini karna dia tuhh water based formula",Shopee,5,Skinaqua UV Whitening Milk,100,dewasa muda,Jangka Panjang,recommend,Medium,Neutral
popy_mercylin,Dry,2024-10-22,sunscreen skinaqua ini varian uv whitening milk ini yang paling cocok di aku.. spfnya 50 PA ++++ udah cukup banget buat dipake buat aktivitas sehari-.. teksturnya creamy dan gampang banget di blend di kulit ataupun waktu reapply.. no white cast dan harganya terjangkau,Shopee,5,Skinaqua UV Whitening Milk,59,dewasa matang,Jangka Menengah,recommend,Medium,Warm
nafis09_,Combination,2024-10-20,"suka banget sama sunscreen ini cocok di kulot berminyak, ngasih finish yang dewy di kulit, kulit juga jadi keloatan lebih sehat dan glowing, ada efek tone upnya juga jadi nggak gampang kusam lagi, nggak ada rasa berat maupun lengket habis make",Female Daily Studio,4,Skinaqua UV Whitening Milk,72,dewasa muda,Jangka Pendek,recommend,Medium Light,Neutral
Sekar92,Dry,2024-10-17,"Dulu pernah coba yang varian lain dan kurang cocok. Tapi karena sedang cari sunscreen yang ringan, dan lihat di mana-mana bilang ini bagus, akhirnya aku coba purchase.Dan sekarang selalu stock ini di pouch akuu, karena memang sebagus ituu!! Sangat melembabkan dan gak peeling. Tone up nya oke ya, tapi kalau berkeringat ya agak kelihatan putihnya. Paling cocok kalau dipake di kantor yang ber-ac",Shopee,5,Skinaqua UV Whitening Milk,44,dewasa matang,Jangka Menengah,recommend,Medium Light,Cool
andyraprima,Combination,2024-10-16,"awalnya coba-coba lama lama ketagihan hahaha, sunscreen yang nempel banget di kulit aku, makin lama dia mudarin bekas jerawat juga, ngga bikin kusam kulit aku dan kalo ditimpa makeup dia nyatu bukan yang bikin jadi crack atau flashback, pernah di pake acara selama 8 jam dan tetep bagus",Shopee,4,Skinaqua UV Whitening Milk,62,dewasa muda,Jangka Menengah,recommend,Medium,Cool
galuhprdnii,Normal,2024-10-04,"Suka bgt sama SS inii, selain tone up naik setelah pemakaian ss ini ngasih finish dewy dikulit jadi tampat sehat dan glowing di aku, dan untuk kulit sensitif aku cocok bgt gabikin bruntusan dan jerawanğŸ¥° sukaa bgtttt!!!!",Shopee,5,Skinaqua UV Whitening Milk,72,dewasa muda,Jangka Panjang,recommend,Medium,Neutral
cawaw,Combination,2024-10-04,"aku suka sama sunscreen ini karna bikin tone up dimuka, udah pake ini lama bgt dan merasa cocok ga perlu ganti"" lagi tp ternyata dia bikin jerawatku on off selama ini:(, tp ttp suka karna finishnya yg bikin aku jatuh cinta sm sunscreen ini, pas dipake juga rigan tp kurang nahan minyak di wajahku",Traditional Market,4,Skinaqua UV Whitening Milk,72,remaja,Jangka Panjang,recommend,Medium Light,Neutral
srika_ginting,Dry,2024-11-01,"Suncreen nya bagus banget beli karna viral dan riview dari tiktok dan setelah dipake memang nga mengecewakan tekstur nya watery ringan, banget dikulit kelembanya oke, buat base makeupcocok menghidrasi. And cocok banget untuk kulit sensitif seperti aku",Shopee,5,Skinaqua UV Whitening Milk,0,dewasa muda,Jangka Panjang,recommend,Light,Cool
adoreccha,Normal,2024-08-21,"Awalnya aku tertarik karena memang review nya bagus baguss dan aku coba beli dan turns out aku sukaa bangett sama sunscreen ini!!! dari semua sunscreen yang aku coba, aku paling cocok sama inii. Ngga whitecast dan ada tone up nya. So far cocok bangett di aku.",Shopee,5,Skinaqua UV Whitening Milk,0,remaja,Jangka Panjang,recommend,Medium,Warm
