Unnamed: 0,username,age,profile_description,date,review_content,usage_period,purchase_point,recommend,rating_count,Azarine Azarine Hm-c Sunsc Srm Spf50 Pa++++ 40ml,isPartial
,,,,2019-11-10,,,,,,0.0,False
,,,,2019-11-17,,,,,,42.0,False
,,,,2019-11-24,,,,,,58.0,False
,,,,2019-12-01,,,,,,0.0,False
,,,,2019-12-08,,,,,,53.0,False
,,,,2019-12-15,,,,,,0.0,False
,,,,2019-12-22,,,,,,0.0,False
,,,,2019-12-29,,,,,,0.0,False
,,,,2020-01-05,,,,,,0.0,False
,,,,2020-01-12,,,,,,0.0,False
,,,,2020-01-19,,,,,,47.0,False
,,,,2020-01-26,,,,,,47.0,False
,,,,2020-02-02,,,,,,0.0,False
,,,,2020-02-09,,,,,,40.0,False
,,,,2020-02-16,,,,,,0.0,False
,,,,2020-02-23,,,,,,59.0,False
,,,,2020-03-01,,,,,,62.0,False
,,,,2020-03-08,,,,,,52.0,False
,,,,2020-03-15,,,,,,76.0,False
,,,,2020-03-22,,,,,,65.0,False
,,,,2020-03-29,,,,,,38.0,False
,,,,2020-04-05,,,,,,77.0,False
,,,,2020-04-12,,,,,,56.0,False
,,,,2020-04-19,,,,,,43.0,False
,,,,2020-04-26,,,,,,39.0,False
,,,,2020-05-03,,,,,,0.0,False
,,,,2020-05-10,,,,,,71.0,False
,,,,2020-05-17,,,,,,45.0,False
,,,,2020-05-24,,,,,,63.0,False
,,,,2020-05-31,,,,,,54.0,False
,,,,2020-06-07,,,,,,65.0,False
,,,,2020-06-14,,,,,,0.0,False
,,,,2020-06-21,,,,,,43.0,False
,,,,2020-06-28,,,,,,59.0,False
,,,,2020-07-05,,,,,,45.0,False
,,,,2020-07-12,,,,,,37.0,False
,,,,2020-07-19,,,,,,0.0,False
,,,,2020-07-26,,,,,,63.0,False
,,,,2020-08-02,,,,,,45.0,False
,,,,2020-08-09,,,,,,44.0,False
,,,,2020-08-16,,,,,,40.0,False
,,,,2020-08-23,,,,,,42.0,False
,,,,2020-08-30,,,,,,53.0,False
,,,,2020-09-06,,,,,,51.0,False
,,,,2020-09-13,,,,,,0.0,False
,,,,2020-09-20,,,,,,0.0,False
,,,,2020-09-27,,,,,,0.0,False
,,,,2020-10-04,,,,,,35.0,False
,,,,2020-10-11,,,,,,0.0,False
,,,,2020-10-18,,,,,,0.0,False
,,,,2020-10-25,,,,,,51.0,False
,,,,2020-11-01,,,,,,43.0,False
,,,,2020-11-08,,,,,,42.0,False
,,,,2020-11-15,,,,,,0.0,False
,,,,2020-11-22,,,,,,52.0,False
,,,,2020-11-29,,,,,,63.0,False
,,,,2020-12-06,,,,,,45.0,False
,,,,2020-12-13,,,,,,39.0,False
,,,,2020-12-20,,,,,,0.0,False
,,,,2020-12-27,,,,,,58.0,False
,,,,2021-01-03,,,,,,53.0,False
,,,,2021-01-10,,,,,,0.0,False
,,,,2021-01-17,,,,,,0.0,False
,,,,2021-01-24,,,,,,56.0,False
,,,,2021-01-31,,,,,,0.0,False
,,,,2021-02-07,,,,,,0.0,False
,,,,2021-02-14,,,,,,38.0,False
,,,,2021-02-21,,,,,,40.0,False
,,,,2021-02-28,,,,,,47.0,False
,,,,2021-03-07,,,,,,79.0,False
,,,,2021-03-14,,,,,,56.0,False
,,,,2021-03-21,,,,,,64.0,False
,,,,2021-03-28,,,,,,66.0,False
,,,,2021-04-04,,,,,,48.0,False
,,,,2021-04-11,,,,,,45.0,False
,,,,2021-04-18,,,,,,54.0,False
,,,,2021-04-25,,,,,,56.0,False
,,,,2021-05-02,,,,,,53.0,False
,,,,2021-05-09,,,,,,46.0,False
,,,,2021-05-16,,,,,,57.0,False
,,,,2021-05-23,,,,,,57.0,False
,,,,2021-05-30,,,,,,100.0,False
,,,,2021-06-06,,,,,,47.0,False
,,,,2021-06-13,,,,,,62.0,False
,,,,2021-06-20,,,,,,44.0,False
,,,,2021-06-27,,,,,,0.0,False
,,,,2021-07-04,,,,,,85.0,False
,,,,2021-07-11,,,,,,59.0,False
,,,,2021-07-18,,,,,,39.0,False
,,,,2021-07-25,,,,,,0.0,False
,,,,2021-08-01,,,,,,39.0,False
,,,,2021-08-08,,,,,,47.0,False
,,,,2021-08-15,,,,,,51.0,False
,,,,2021-08-22,,,,,,51.0,False
,,,,2021-08-29,,,,,,64.0,False
,,,,2021-09-05,,,,,,51.0,False
,,,,2021-09-12,,,,,,37.0,False
,,,,2021-09-19,,,,,,35.0,False
,,,,2021-09-26,,,,,,67.0,False
,,,,2021-10-03,,,,,,37.0,False
,,,,2021-10-10,,,,,,57.0,False
,,,,2021-10-17,,,,,,46.0,False
,,,,2021-10-24,,,,,,41.0,False
,,,,2021-10-31,,,,,,0.0,False
,,,,2021-11-07,,,,,,73.0,False
,,,,2021-11-14,,,,,,0.0,False
,,,,2021-11-21,,,,,,45.0,False
,,,,2021-11-28,,,,,,38.0,False
,,,,2021-12-05,,,,,,45.0,False
,,,,2021-12-12,,,,,,74.0,False
,,,,2021-12-19,,,,,,41.0,False
,,,,2021-12-26,,,,,,0.0,False
,,,,2022-01-02,,,,,,43.0,False
,,,,2022-01-09,,,,,,45.0,False
,,,,2022-01-16,,,,,,35.0,False
,,,,2022-01-23,,,,,,0.0,False
,,,,2022-01-30,,,,,,70.0,False
,,,,2022-02-06,,,,,,52.0,False
,,,,2022-02-13,,,,,,43.0,False
,,,,2022-02-20,,,,,,47.0,False
,,,,2022-02-27,,,,,,53.0,False
,,,,2022-03-06,,,,,,43.0,False
,,,,2022-03-13,,,,,,40.0,False
,,,,2022-03-20,,,,,,45.0,False
,,,,2022-03-27,,,,,,22.0,False
,,,,2022-04-03,,,,,,43.0,False
,,,,2022-04-10,,,,,,27.0,False
,,,,2022-04-17,,,,,,33.0,False
,,,,2022-04-24,,,,,,39.0,False
,,,,2022-05-01,,,,,,32.0,False
,,,,2022-05-08,,,,,,35.0,False
,,,,2022-05-15,,,,,,46.0,False
,,,,2022-05-22,,,,,,54.0,False
,,,,2022-05-29,,,,,,54.0,False
,,,,2022-06-05,,,,,,40.0,False
,,,,2022-06-12,,,,,,49.0,False
,,,,2022-06-19,,,,,,43.0,False
,,,,2022-06-26,,,,,,53.0,False
,,,,2022-07-03,,,,,,40.0,False
,,,,2022-07-10,,,,,,35.0,False
,,,,2022-07-17,,,,,,39.0,False
,,,,2022-07-24,,,,,,35.0,False
,,,,2022-07-31,,,,,,93.0,False
,,,,2022-08-07,,,,,,40.0,False
,,,,2022-08-14,,,,,,40.0,False
,,,,2022-08-21,,,,,,36.0,False
,,,,2022-08-28,,,,,,40.0,False
,,,,2022-09-04,,,,,,26.0,False
,,,,2022-09-11,,,,,,59.0,False
,,,,2022-09-18,,,,,,45.0,False
,,,,2022-09-25,,,,,,57.0,False
,,,,2022-10-02,,,,,,47.0,False
,,,,2022-10-09,,,,,,42.0,False
,,,,2022-10-16,,,,,,48.0,False
,,,,2022-10-23,,,,,,49.0,False
,,,,2022-10-30,,,,,,37.0,False
,,,,2022-11-06,,,,,,33.0,False
,,,,2022-11-13,,,,,,48.0,False
,,,,2022-11-20,,,,,,58.0,False
,,,,2022-11-27,,,,,,37.0,False
,,,,2022-12-04,,,,,,30.0,False
,,,,2022-12-11,,,,,,38.0,False
,,,,2022-12-18,,,,,,39.0,False
,,,,2022-12-25,,,,,,55.0,False
,,,,2023-01-01,,,,,,73.0,False
,,,,2023-01-08,,,,,,0.0,False
,,,,2023-01-15,,,,,,36.0,False
,,,,2023-01-22,,,,,,51.0,False
,,,,2023-01-29,,,,,,43.0,False
,,,,2023-02-05,,,,,,38.0,False
,,,,2023-02-12,,,,,,46.0,False
,,,,2023-02-19,,,,,,53.0,False
,,,,2023-02-26,,,,,,42.0,False
,,,,2023-03-05,,,,,,38.0,False
,,,,2023-03-12,,,,,,58.0,False
,,,,2023-03-19,,,,,,55.0,False
,,,,2023-03-26,,,,,,47.0,False
,,,,2023-04-02,,,,,,53.0,False
,,,,2023-04-09,,,,,,35.0,False
,,,,2023-04-16,,,,,,0.0,False
,,,,2023-04-23,,,,,,36.0,False
,,,,2023-04-30,,,,,,69.0,False
,,,,2023-05-07,,,,,,35.0,False
,,,,2023-05-14,,,,,,45.0,False
,,,,2023-05-21,,,,,,62.0,False
,,,,2023-05-28,,,,,,58.0,False
,,,,2023-06-04,,,,,,54.0,False
,,,,2023-06-11,,,,,,46.0,False
,,,,2023-06-18,,,,,,57.0,False
,,,,2023-06-25,,,,,,56.0,False
,,,,2023-07-02,,,,,,42.0,False
,,,,2023-07-09,,,,,,28.0,False
,,,,2023-07-16,,,,,,31.0,False
,,,,2023-07-23,,,,,,36.0,False
,,,,2023-07-30,,,,,,35.0,False
,,,,2023-08-06,,,,,,43.0,False
,,,,2023-08-13,,,,,,0.0,False
,,,,2023-08-20,,,,,,50.0,False
,,,,2023-08-27,,,,,,54.0,False
,,,,2023-09-03,,,,,,44.0,False
,,,,2023-09-10,,,,,,46.0,False
,,,,2023-09-17,,,,,,42.0,False
,,,,2023-09-24,,,,,,41.0,False
,,,,2023-10-01,,,,,,57.0,False
,,,,2023-10-08,,,,,,53.0,False
,,,,2023-10-15,,,,,,68.0,False
,,,,2023-10-22,,,,,,57.0,False
,,,,2023-10-29,,,,,,31.0,False
187.0,berliandaest,19 - 24,"Oily, Medium, Neutral",2023-11-02,"sunscreen urutan kedua yg ku suka. Aku termasuk pemilih utk skincare karna kulit ku cukup sensitif. Untuk teksturnya ga lengket, mudah menyerap juga dan ringan jadi nyaman banget kalo dipake. selain itu produk bisa dibeli di banyak toko jd ga pusing kalo habis ü´∂",3 months - 6 months,Guardian,berliandaest recommends this product!,4.0,,
188.0,Ruthssrg,19 - 24,"Normal, Medium Light, Neutral",2023-11-02,"sunscreen ini bagus banget, ga lengket di wajah jadi aman aja buat pake makeup. bakalan repurchase sihüòª kalian yang masih nyari sunscreen, boleh nih cobain sunscreen ini üòª highly recommended sihh kalo dari aku yaa, soalnua baru pertama make trrus jatuh cinta",1 week - 1 month,Guardian,Ruthssrg recommends this product!,5.0,,
189.0,Nurhasanah_PSS,30 - 34,"Oily, Medium, Neutral",2023-11-02,i adalah sunscreen sejuta umat .. semua org pasti sudah pernah pakai nih sunscreen .. termasuk saya yang sudah pakai semua variannya .. dsn sudah repurchase berulang kali .. karena emang senyaman itu pakek sunscreen ini.. teksturnya ringan dan cepat meresap.. kulit acne prone pasti suka,6 months - 1 year,Shopee,Nurhasanah_PSS recommends this product!,4.0,,
183.0,raihanputrihst,19 - 24,"Combination, Medium Light, Neutral",2023-11-03,"Suka banget buat aku gak belang walau udah panas panasan.. texturenya lembut dan aku bakal selalu belu lagi azarine sunscreen terutama yang vit c ini, nampol bgtttt.. Suka banget buat aku gak belang walau udah panas panasan.. texturenya lembut dan aku bakal selalu belu lagi azarine sunscreen terutama yang vit c ini, nampol bgtttt..",More than 1 year,Shopee,raihanputrihst recommends this product!,5.0,,
184.0,AdelLaban,30 - 34,"Combination, Medium Light, Neutral",2023-11-03,Sunscreen paling favorit sih ini. Padahal harga sangat terjangkau tapi kualitasnya mahal ya. sukaa banget. tiap hari dipakai karena memang ringan diwajah. kulit tetap segar dan tidak lengket diwajah. menyerap dengan baik dan cepat...,More than 1 year,Shopee,AdelLaban recommends this product!,5.0,,
185.0,amelia9918,19 - 24,",19 - 24",2023-11-03,Aku sangat cocok dengan sunscreen ini karna sunscreen ini sangat menyatu dengan makeup yang aku gunakan dan membuat wajah menjadi lebih terjaga oleh sinar matahari dan sangat ringan digunakan di kulit wajahku yang cukup kering ini. Sehingga sunscreen ini merupakan salah satu sunscreen andalan aku untuk kupakai kemana mana,Less than 1 week,Brand website,amelia9918 recommends this product!,5.0,,
186.0,dewisinaaga,19 - 24,"Combination, Medium, Warm",2023-11-03,Sunscreen aman buat aku yg acne prone skin . Gk buat white case di kulit aku yg cenderung sawo matang dan cepat meresap . Yg paling penting gk buat bruntusan . Dan harga nya masuk akal di kantong mahasiswa . Cukup 2 jari aja udah tahan banget seharian terlindungi,1 week - 1 month,XBeauty by Female Daily,dewisinaaga recommends this product!,5.0,,
180.0,danishraisins,18 and Under,"Dry, Medium Dark, Neutral",2023-11-04,"BAGUS BGT NYERAP CEPET, GA BIKIN SUMUK, GA OVER OILY, GA BIKIN MAKEUP DEMPUL, BAHKAN KALO MAKE INI DOANG GA PAKE SKINPREP BEFORE MAKEUP AMAN¬≤ AJA KARENA DIA MOISTURIZING JUGA ‚ù§Ô∏è My only concern is that size nya kecil bgt?? Azarine plis bikin ver kemasan gedenya gue capek beli mulu üò¢",3 months - 6 months,Shopee,danishraisins recommends this product!,5.0,,
181.0,olzatriyani,25 - 29,"Combination, Medium, Warm",2023-11-04,Sunscreen Azarine Hydramax ini udah aku gunakan berbotol-botol dan selalu repurchase. Teksturnya lembut banget dan cepat nyerap di kulit. Waktu dipake ga meninggalkan whitecast dan wajah jadinya lembap. Dipakai sebelum makeup juga tetap oke.,More than 1 year,Shopee,olzatriyani recommends this product!,5.0,,
182.0,agnestheresia,25 - 29,"Combination, Medium Light, Neutral",2023-11-04,"teksturnya gel jadinya ringan,gampang nyerap gak ninggalin whitecast, gak lengket, ngelembapin, jadi antioksidan juga karena ada Vitamin C dan E, gak cuma buat wajah aja, bisa dipake tangan juga, kepake banget klo traveling ga perlu bawa banyak varian sunscreen.",1 month - 3 months,Beautyhaulindo,agnestheresia recommends this product!,5.0,,
178.0,rawraaa_12,18 and Under,"Combination, Medium, Neutral",2023-11-05,"azarine yang orange ini bagus sekali apalagi kalau aku ke kampuss melindungi wajahku dari sinar matahari tekstur nya gel dan ngga membuat wajah keliatan whitecast,sunscreen azarine juga membuat hasil wajah menjadi lebih natural.dan membuat perubahan di muka aku",1 month - 3 months,FD Try and Review,rawraaa_12 recommends this product!,5.0,44.0,False
179.0,CiaYin95,25 - 29,"Dry, Light, Neutral",2023-11-05,"BEST SUNSCREEN EVER aku udah habisin 3 tube. Super ringan terus gak bikin whitecast ataupun bikin wajah jerawatan. Terus abis pakai wajah jadi superlembab banget. Ini tube ke-empat aku. Beneran gak mau ganti sunscreen, cuma percaya yang ini",6 months - 1 year,Tokopedia,CiaYin95 recommends this product!,5.0,44.0,False
175.0,elok_sukma,19 - 24,"Oily, Medium, Warm",2023-11-09,Padahal claimnya buat kulit kering tapi nyatanya tetep cocok buat kulitku yg oily. Malah kadang aku ngerasa susncreen ini ngasih efek calming ke kulitku. Teksturnya gel cream jadi ringan dan sangat mudah di blend. Ada efek lembabnya juga jadi aku gaperlu pakai moisturizer lagi kalau pakai produk ini. Gaada aroma aneh aneh jadi aku suka,6 months - 1 year,Shopee,elok_sukma recommends this product!,5.0,,
176.0,akuimel,18 and Under,"Dry, Medium, Neutral",2023-11-09,aku itu udh gatau habis berapa tube karna emg sebagus itu di kulit aku yang kering dan ga berat juga finishnya dibanding sama yg ijo walaupun harganya emg lebih mahal tapi its okayy yg paling bikin aku suka itu dia gada whitecast nyaaa ges üòçüòçüòçüòç,More than 1 year,Shopee,akuimel recommends this product!,5.0,,
177.0,Apryanti_,19 - 24,"Combination, Medium Light, Neutral",2023-11-09,"review zuzur aku suka bgt sma sunscreen ini. ngga white case pas di aplikasiin ke muka, dan cepet nyerap juga + ngga lengkettttttt itu yg bikin aku sukak bgt bgt. bikin moist kalo udah ditimpa sma makeu. fix ini bagus banget menurut aku. kalian harus cobain. btw aku baru pake yg varian ini yaa xixi.",1 month - 3 months,Female Daily Studio,Apryanti_ recommends this product!,5.0,,
174.0,Maharaniayu,35 - 39,",35 - 39",2023-11-10,"Untuk proteksi dari sinar matahari sih udah OK, tapi lumayan 'berat' di wajah aku yang penghasil minyak.Kalau pake ini mesti sedia face paper untuk tap tap minyaknya. Mungkin untuk yang wajahnya ga berminyak, ini lebih pas. Selamat mencoba!",Less than 1 week,Guardian,Maharaniayu recommends this product!,4.0,,
173.0,ronalubis,19 - 24,"Oily, Medium Light, Cool",2023-11-11,"SS TERCOCOK DI AKUUU. Ini bagus banget di muka aku yg sensitif acne prone. aku udah make setahun lebih. kalau make ini kayak mukaku cerahan & mulusan gitu. cuman minusnya kurang nahan minyak aja, mungkin karena ada vit e nya ya? trus sama kalau dipakei sm moist yg berat (kayak mako) jadi makin berat, mesti nunggu set nya lama",More than 1 year,Shopee,ronalubis recommends this product!,4.0,,
,,,,2023-11-12,,,,,,41.0,False
171.0,ideliaaputri,19 - 24,"Oily, Medium, Neutral",2023-11-15,"Azarine spf 50 ini diwajah aku bagus, menyerapnya cepat tapi entah kenapa di aku abis pakai ini muka jadi keliatan kusam. Overall ss ini tuh bagus, kekurangannya cuma bikin wajah aku kusam dan entah kenapa ini cepet banget abisüò≠ repurchase? Iya! Karena dikulit aku yang oily ini gak bikin muka berminyak dan gak nimbulin masalah apa-apa. aku udah habis 3 botol",1 month - 3 months,Shopee,ideliaaputri recommends this product!,5.0,,
172.0,NurulDiah,30 - 34,"Combination, Light, Neutral",2023-11-15,"Sebenernya bagus sih,krn kulit aku juga normal kering,cocok aja.Tapi kok aku ngerasanga agak berat trus kayak agak lengket gitu loh berasanya.jadi kayak gak nyaman kalo pake.jadi aku cuma habis 1 botol aja gak beli lagi karena ngerasa gak nyaman aja",1 week - 1 month,Shopee,NurulDiah recommends this product!,3.0,,
170.0,DivaSahanaya,19 - 24,"Combination, Medium, Cool",2023-11-18,"Mulai mencari-cari produk sunscreen yang cocok di wajah karena biasanya beberapa produk sunscreen nimbulin banyak minyak di sekitar T-zone. Ini sunscreen pertamaku yang spf nya nyampe 50 dan ternyata selama pemakaian tube kedua dia bener-bener cocok sama aku. Packaging sunscreen ini pakai modelan tube dan memudahkan buat mengeluarkan produk sunscreen. Tekstur sunscreen ini cream warna putih susu, tapi dia tetap enak banget buat diaplikasikan di kulit dan nggak kerasa berat. Sunscreen ini di wajahku kerasa ringan kaya pakai produk skincare dengan tekstur gel dan nggak nimbulin white cast di kulit. Penyerapan produk ini di kulit juga nggak lama dan ngehasilin efek wajah lembap yang sehat setelah produk menyerap. Aroma sunscreen ini fresh dengan aroma yang nggak terlalu kuat jadi aman buat yang nggak terlalu suka wewangian di produk skincare. Selama pemakaian produk sunscreen ini, dia mulai membantu wajah aku buat nggak belang dan melindungi wajah aku dari paparan sinar matahari. Ini recommended banget buat yang cari sunscreen ringan dengan spf 50‚ù£Ô∏è",3 months - 6 months,Shopee,DivaSahanaya recommends this product!,5.0,,
,,,,2023-11-19,,,,,,37.0,False
,,,,2023-11-26,,,,,,57.0,False
169.0,riskaap,25 - 29,"Combination, Medium, Neutral",2023-11-28,"Teksturnya ringan dan cepat keserap kulit, gak peeling dan berminyak juga. Buat jadi base makeup ok banget. Jadi tolong banget dong azarine keluarin size yang gedenya biar lebih ekonomis. Soalnya cepat habis, rebutan sama orang-orang kalo beli.",3 months - 6 months,Shopee,riskaap recommends this product!,5.0,,
,,,,2023-12-03,,,,,,42.0,False
167.0,Al_sef,19 - 24,"Dry, Light, Cool",2023-12-08,"Aku kira semua sunscreen azarine bikin peeling, tapi yg ini ngga ya ternyata. Hampir ngga menemukan kekurangan apapun dari varian ini. I love itüñ§. Klaim extra moistnya dapet, tapi untuk mencerahkan kurang dapat ya di aku. Ngga perih di mata, harga affordable, ngga bikin jerawatan, aman di kulit sensitif aku. Repurchase? Why not",1 week - 1 month,Livy Cosmetics,Al_sef recommends this product!,5.0,,
168.0,yantea,19 - 24,"Combination, Light, Cool",2023-12-08,"teksturnya gel warna putih, enak dipakai, tidak bikin muka berminyak, tidak lengket sama sekali, pas dipakai terasa adem, tidak terasa berat di muka, mudah diblend, cepat meresap dan tidak ada whitecast, spfnya dan PA nya sudah tinggi cuma sepertinya agak boros karena kalau dipakai agak banyak",3 months - 6 months,Shopee,yantea recommends this product!,5.0,,
,,,,2023-12-10,,,,,,81.0,False
164.0,Virgin_Il,19 - 24,"Combination, Medium Light, Neutral",2023-12-11,"Ternyata sunscreen ini yang aku cari-cari, padahal udah punya favorit sunscreen wkwk. Btw dia ada vitamin C+E dan ada 8 jenis hyaluronic acid juga ternyata (sayang banget gak di highlight). Konsistensinya pas buat kulit aku yang normal to dry tapi gampang keringetan. Teksturnya emang keliatan nyeremin karena thick warna putih, tapi ternyata itu gel to lotion. Aku pakai 2 jari buat muka dan leher. Feels hydrate, lembab tapi pas dipegang gak ada minyak sama sekali. Finishnya healthy skin like, suka banget! Minusnya aku kurang suka di packaging, tutupnya berisik, lubangnya juga terlalu lebar. Lebih oke lagi kalo packagingnya dibikin kayak versi hydrasoothe. Tapi overall aku suka banget! Harganya juga pas",1 month - 3 months,Shopee,Virgin_Il recommends this product!,5.0,,
165.0,midelpisema,25 - 29,"Combination, Medium, Warm",2023-12-11,"Sunscreen terbaik dari segi tekstur, kenyamanan dan harga pastinya. Alhamdulillah ga bikin nangis setiap mau repurchase krn harganya affordable. Ga berat sama sekali tp masih ada feel melembapkan. Ga perih di mata. Ga bikin cepet oily. Best",6 months - 1 year,Shopee,midelpisema recommends this product!,5.0,,
166.0,Debbinbq,19 - 24,"Dry, Medium Light, Warm",2023-12-11,"Sudah 3x repurchase kali yaa... sunscreen ternyaman di aku.. konsistensinya pas.. bikin lembab tapi ringan, gak lengket dikulit.. basah basah glowing gitu after effectnya.. kulit keringku suka.. gak ada aroma aneh, packaging juga oke aja warna kuning fun gituu.. jadi sunscreen yg ku bawa kemana mana untuk touch up after wudhu.. karna seenak itu dipake nya.. gak bikin gerah tapi tetep berasa pake sunscreen.. bisa ku bilang hybrid moisturizer.. aku lebih suka ini daripada yg hijau",3 months - 6 months,Shopee,Debbinbq recommends this product!,5.0,,
163.0,marantina,25 - 29,"Dry, Medium Light, Neutral",2023-12-12,Jujur ini ampuh banget untuk mencerahkan kulit kalau lagi kusam. Aku bahkan rekomendasiin ini ke suami supaya wajahnya glowing. Dalam sebulan udah keliatan banget hasilnya. Teksturnya juga enakeun dan cepat menyerap di kulit. Top banget deh,1 month - 3 months,Shopee,marantina recommends this product!,5.0,,
161.0,shabmut,30 - 34,"Combination, Medium, Neutral",2023-12-13,"Skincare favorit aku di 2023 Azarine Hydramax-C sunscreenDilihat dari packaging nya, tube dengan warna kuning yang memberi kesan fun. Tube ada perekat nya sehingga isi tidak bocor keluar. Dilihat dari teksturnya, cream warna putih yang cepat meresap dan ringan,memberi kesan lembab di wajah, ga pedih di mata, ga ada whitecast, dan finish nya dewy & glow. Tidak mengandung alkohol. Ada antioksidan nya karena mengandung vitamin C. Harga yang sangat affordable. Aku udah tube ke 6 sekarang. This is favorite sunscreen on 2023üòç",3 months - 6 months,Shopee,shabmut recommends this product!,5.0,,
162.0,cimahhh,19 - 24,"Combination, Medium Light, Neutral",2023-12-13,"salah satu merk sunscreen kecintaan sih azarine, hydramax c sunscreen serum ini favv ku banget, tekstur dari sunscreenya aku suka walaupun thick tapi pas di apply itu menyerap dengan merata, gaada whitecast sama sekali, terus yang uniknya sunscreen ini banyak varian dengan kandungan yang berbeda kalau ini dengan vit c, vit e, dan lainnya terus spf nya sudah 50pa++++ setelah pemakaian ini tuh kulit plumpy dan terasa terhidrasi banget asli, mencerahkannya juga dapet, gaada feeling greasy sama sekali, pokoknya kesukaanku inii!",6 months - 1 year,Lazada,cimahhh recommends this product!,5.0,,
,,,,2023-12-17,,,,,,41.0,False
160.0,awrley,18 and Under,"Combination, Dark, Warm",2023-12-18,"ini sih bakal jadi kecintaan aku bgt walau aku baru sebulan pemakaian tp bnr bnr bagus bgt!! dia ada kandungan vit c dan vit e nya. ga ninggalin white cast, malah bikin glowing bgtüò≠üò≠ dia jg teksturnya enak bkn, bukan yang bikin ga nyaman. btw skintype aku combi ya",1 week - 1 month,Guardian,awrley recommends this product!,5.0,,
159.0,Muffin,35 - 39,"Combination, Medium Light, Cool",2023-12-24,"pengalaman pertama pake sendirian, ga ak brg in skincare apa2, pas awal oles adem, basah, agak lama ya ngesetnya. pas cek di kaca ternyata kusam gaes, oksidasi, tp ga parah sih. pas plg udah sampe rumah ada bbrp komedo baru dan 1 bruntus besar, semoga ga jd jerawat.. huft. sekian, goodbye.",Less than 1 week,Tokopedia,Muffin doesn't recommend this product!,2.0,50.0,False
,,,,2023-12-31,,,,,,43.0,False
158.0,narawidyald,25 - 29,"Normal, Medium, Warm",2024-01-03,"Sunscreen andalan lebih dari 1 tahun terakhir, udah abis bertube-tube, secinta itu. Warnanya putih. Teksturnya gel gitu, gampang di baurkan, finishnya glowy sehat gitu. Kalo aku, tetep harus di set pake powder biar lebih aman kalo kegesek gesek masker. Dengan harga under 70k, isi 40mL sangat amat worth to try",More than 1 year,Shopee,narawidyald recommends this product!,5.0,,
157.0,vaniaasafiraa,19 - 24,"Dry, Medium Light, Neutral",2024-01-05,"Produk ini cocok banget buat kalian yang punya tipe kulit dry, dry to normal. Teksturnya lembut dan terdapat kandungan vitamin C dan e yang dapat menghidrasi kulit. Produk ini juga gak lengket pada saat dipakai dan sangat mudah menyerap dan tidak whitecast pada kulit",6 months - 1 year,Official Brand Store,vaniaasafiraa recommends this product!,5.0,,
156.0,pinkcow21,25 - 29,"Oily, Medium Light, Neutral",2024-01-06,"engga whitecast di wajah. buat yg kulit mukanya normal to dry serum ini bakal cocok di kalian. sebenernya kalau kulit kalian oily terus tipe yg suka muka dewy"" ini bisa koq, masih ringan cuma butuh waktu yg lebih lama ya buat menyerapnya. pake ini muka keliatan jadi lebih sehat",6 months - 1 year,Guardian,pinkcow21 recommends this product!,4.0,,
,,,,2024-01-07,,,,,,38.0,False
155.0,ef_bey13,30 - 34,"Combination, Medium, Warm",2024-01-08,"Pertama nyobain ini berasa agak berat dibanding ss yg varian calm acne. Kalo untuk kulit kering bakalan suka karna hasilnya dewy kayak basah, nyerepnya agak lama. Selama make lumayan enak tapi 2x pake pas keringetan gak sengaja kena mata perih bgt.",Less than 1 week,Shopee,ef_bey13 doesn't recommend this product!,4.0,,
154.0,nisaannisa,30 - 34,"Oily, Medium, Warm",2024-01-12,"sunscreen andalankuu walaupun banyak sunscreen baru, tapi ini masih jadi kecintaanku karena dia gak peeling setelah pake make up. lembab banget, spfnya tinggi, harganya terjangkau, gampang banget dicari karena di minimarket ada dan aman buat acne prone skin",1 month - 3 months,Shopee,nisaannisa recommends this product!,5.0,,
153.0,adelestrange,19 - 24,"Combination, Medium, Neutral",2024-01-13,"texturenya mirip kaya azarine yang ijo, mudah diblend, mudah meresap, cukup melembabkan, dan tidak whitecast jg!!!<3 2 minggu pake ss ini, muka berasa lebih bersih dan bekas jeriwi juga mulai pudarrrr, asli jatuh cinta bagett sama ss iniü´∞üèº",Less than 1 week,Tokopedia,adelestrange recommends this product!,5.0,,
,,,,2024-01-14,,,,,,0.0,False
152.0,ndylala,25 - 29,"Dry, Medium Light, Neutral",2024-01-19,"yang varian ijo enak tapi ini lebih enak lagi untuk dry skin. super moisturize dan gaberasa pake sunscreen. varian suncreen azarine dua duanya bagus tapi aku pake tergantung occasion aja sih jadinya. kalau hari lagi panas & event di outdoor pakai yang ini, kalau lagi dingin atau jalan-jalan di mall pake yang orange.",6 months - 1 year,Shopee,ndylala recommends this product!,5.0,,
,,,,2024-01-21,,,,,,27.0,False
151.0,tiarazhrnbl,19 - 24,"Dry, Medium, Warm",2024-01-23,"my comfort sunscreen for daily! tipikal sunscreen yang ga neko neko, basic tapi value nya bisa dibilang oke. hal yang aku suka dari sunscreen ini karna sat set, tekstur nya ringan, dan no whitecast. finish di kulitku juga performa nya sangat oke, sedikit ada hasil healthy looks nya. dia sama sekali ga tacky apalagi bikin gerah dipake sebelum make-up.",More than 1 year,Shopee,tiarazhrnbl recommends this product!,5.0,,
149.0,nurulmaw,19 - 24,"Combination, Medium, Warm",2024-01-27,"Dari azarine hijau berpindah ke kuning, dan rasanya jauh lebih lembab yg kuning ini, setelah pake sunscreen ini kayak abis pake moisturizer, enteng ga white cast, ga berat atau tebel di muka, harga affordable, kemasan ati bocor dan travell friendly",More than 1 year,Shopee,nurulmaw recommends this product!,5.0,,
150.0,Astaridivia,30 - 34,"Combination, Medium Light, Warm",2024-01-27,"Udah pake sunscreen azarine yg hijau yg viral dan suka, pas di OhBeauty festival mumpung diskon cobain yg varian ini daaaan ternyata aku jauh lebih suka yg orange iniiii. Feelsnya ringan bgt, gak whitecast, dibaurkan dikulit aku yg superdry effortless ga bikin perih ga lengket dan cepet nyerep. Best banget lah. Dan dia udh ada kandungan vit c yg berguna buat ngeboost kalo pake serum vit c sebelum sunscreen ini. Terus juga dipake dibawah make up juga aman gak bikin make up crack dan malah make up jadi nempel bgt.Udah mana harganya affordable bgttt. Cinta lah.. ini udh mau abis punya aku dan udah nyetok lagiii saking sukanya sama sunscreen ini.",3 months - 6 months,Official Brand Store,Astaridivia recommends this product!,5.0,,
,,,,2024-01-28,,,,,,38.0,False
148.0,Auliyasofka,25 - 29,"Combination, Medium Light, Neutral",2024-01-30,"Mudah diaplikasikan, ndak ada efek lengket, gampang nyerap diwajah, harganyaa affordable untuk ukuran suncreen, punya efek melembabkan juga jadi kalo ndk pake mosturizer yaa lmayan bsa membantu klo kelupaan bawa mosturizernya. Tetep reaply yaa",More than 1 year,Shopee,Auliyasofka recommends this product!,4.0,,
145.0,louisalex02,19 - 24,"Normal, Light, Neutral",2024-02-01,"My all-time favorite sunscreen!! Tipe kulitku normal to dry, & menurutku sunscreen ini lebih cocok buat aku daripada yg gel karena bikin pilling. Teksturnya cepat meresap & light, no whitecastüëå Nggak pakai fragrance juga, jadi aman buat yang sensitif. Menurutku harganya juga affordable dengan spf nya yang cukup tinggi, so I recommend this product to girlies with a similar skin condition like mine.",6 months - 1 year,Shopee,louisalex02 recommends this product!,5.0,,
146.0,choirunisak,19 - 24,"Combination, Medium Dark, Warm",2024-02-01,"rasanya ringan banget dikulit, aku pakenya juga ditangan. cepat meresap gk lengket jugaa, gk ada bau wanginya jadi netral banget. rekomended deh pokoknya. cuma pas waktu dipakaiin bedak agak bikin geser make up nyaa. yeayyyyyyy thankssss",Less than 1 week,Shopee,choirunisak recommends this product!,5.0,,
147.0,sherinbp,19 - 24,"Combination, Light, Cool",2024-02-01,bagusssss bgt sihh ini asli duh bikin kulit glowing sehat gitu walaupun siang2 wajah tetap kelihatan cerah. terus kalau rajin re-apply bikkn kulit wajah mulus masa?? mungkin karna ngelembapin? tapi daerah hidung ku halus bgt setelah bersihin wajah pake micelar water. berasa proteksi bgt sih ini terus gak ada whitecast juga lalu ringan langsung ngeresep ke kulit. repurchase?? YES,3 months - 6 months,Shopee,sherinbp recommends this product!,5.0,,
142.0,ajeeeeel,18 and Under,"Combination, Medium, Neutral",2024-02-02,"first time nyobain sunscreen azarine yg hydramax-c, sejauh ini baguuss sihh, tekstur gel, gabikin kusam kalo siang siang, nyerahin juga krn ada kandungan vit-c nyaa, bikin kulit keliatan sehat juga di aku, cepet nyerep juga, lumayan jg harganya buat kantong pelajar ky akuu!",1 week - 1 month,Official Brand Store,ajeeeeel recommends this product!,5.0,,
143.0,septicatiara,19 - 24,"Combination, Medium, Neutral",2024-02-02,"Sunscreen ini klaimnya untuk kulit kering dan karena spf nya lebih gede dari yang ijo jadi pengen nyobain. So far, gak bikin kulit kusam. Teksturnya lebih creamy tapi cepet menyerap dan tidak membuat whitecast berlebihan. Oke banget deh pokoknya dan udah repurchase berkali kali „Ç∑",3 months - 6 months,Shopee,septicatiara recommends this product!,5.0,,
144.0,oci2121,19 - 24,"Oily, Medium, Warm",2024-02-02,"Sunscreen tipe yg gak berat dan mudah apply, buat kulitku yg oily sunscreennya tetap mudah nyerap dan gak bikin tambah minyakan, gak ninggalin whitecase yg bikin kelihatan dempul, dan salah satu sunscreen yg gak bikin wajah jadinkusam, dah restock berkali-kali",More than 1 year,Shopee,oci2121 recommends this product!,5.0,,
133.0,melinalonzo27,25 - 29,"Dry, Medium, Neutral",2024-02-03,"First time nyobain sunscreen ini gilak bikin nyaman banget di wajah, udah nggak bikin white cast juga. dan mudah menyerap juga. after pakai juga bikin sedikit glowing di wajah aku. Kandungannya juga udah jangan di ragukan lagi. sangat recomended banget dah sunscreen ini",1 month - 3 months,Lazada,melinalonzo27 recommends this product!,5.0,,
134.0,nand_nandiaa,25 - 29,"Dry, Medium Light, Neutral",2024-02-03,"Yg aku suka dari sunscreen ini ada vitamin C nya, jadi bikin wajah cerah. Teksturnya juga ringan banget jadi enak buat reapply. Selain itu ada moistnya juga jadi membantu banget pas lagi buru-buru gak sempet pake moist bisa pake ini aja, tetep lembab dan terlindungi.",More than 1 year,Shopee,nand_nandiaa recommends this product!,5.0,,
135.0,septicatiara28,19 - 24,"Combination, Medium, Warm",2024-02-03,"Udah repurchase berkali kali, gak menimbulkan whitecast, awet dipakai berbulan-bulan. Cocok buat kulit kering dan harga nya ramah di kantong. azarine tuh cocok banget dikulit aku apalagi harganya murah banget cocok dikantong pelajar kayak saya. yuk dibeli",3 months - 6 months,Shopee,septicatiara28 recommends this product!,5.0,,
136.0,ardheana,19 - 24,"Combination, Medium Dark, Neutral",2024-02-03,"Dipakai akhir-akhir ini, untuk pemakaian pada kulit normal. Kebetulan kulitku akhir-akhir ini sudah ga begitu berminya, alhasil aku pindah ke sunscreen yang ini. Setelah pemakaian rasanya dia lebih thick daripada hydrasoothe spf45. Kalo dikulit aku, no whitecast sih. Oke banget.",1 month - 3 months,Traditional market,ardheana recommends this product!,5.0,,
137.0,menaagm,19 - 24,"Combination, Medium Light, Warm",2024-02-03,"teksturnya enak banget, aku sering pake di luar pas lagi panas-panasnya dan dia gak bikin mukaku kusam ü•∞ walaupun gak seringan yang varian satunya tapi menurutku hydramax ini paling pas, gak terlalu berat gak yang ringan banget jugaa hihih",Less than 1 week,Shopee,menaagm recommends this product!,5.0,,
138.0,faelashufa,25 - 29,"Dry, Dark, Neutral",2024-02-03,"awalnya ragu mau coba Karna yang ijo perih banget pas kebasuh atau kena kringet terus masuk mata. ternyata yang ini engga, enak banget. Masih ada lembab nya setelah dipake, ga bikin kulit kusem, ga ada greasy, ga ada white cast juga. ringan banget dipake nya. surprise sih ternyata senyaman itu. murah banget untuk sunscreen, rekomen banget deh ini.",1 week - 1 month,Guardian,faelashufa recommends this product!,5.0,,
139.0,novelinafys,19 - 24,"Oily, Medium Light, Warm",2024-02-03,"My first time coba ini, biasanya pake yang hydrasoothe. Tapi ini ga kalah bagus sama yang ijo itu. Finishnya nyaman banget kayak pake moisturizer aja rasanya. Ga bikin greasy atau berminyak yang berlebih dan yang penting ga whitecast!!! Baunya juga enak. Harganya affordable banget untuk sunscreen sebagus iniüëçüèª",1 month - 3 months,Lottemart,novelinafys recommends this product!,5.0,,
140.0,faradillaziza,19 - 24,"Normal, Medium Light, Neutral",2024-02-03,"Setelah menggunakan sunscreen ini secara teratur, saya sangat terkesan dengan kinerjanya dalam melindungi kulit saya dari sinar matahari. Formula ringan dan tidak berminyak membuatnya nyaman digunakan sepanjang hari, bahkan di bawah makeup. Sunscreen ini memberikan perlindungan yang efektif terhadap sinar UVA dan UVB, sehingga kulit saya terhindar dari kerusakan akibat paparan sinar matahari. Selain itu, sunscreen ini juga mengandung bahan-bahan yang baik untuk kulit, seperti antioksidan dan pelembap, yang membantu menjaga kelembapan dan kesehatan kulit saya. Saya juga menyukai bahwa sunscreen ini tidak meninggalkan residu putih pada kulit, sehingga tidak mengganggu penampilan. Secara keseluruhan, saya sangat merekomendasikan sunscreen ini kepada siapa pun yang mencari produk perlindungan matahari yang efektif dan nyaman digunakan.",More than 1 year,Shopee,faradillaziza recommends this product!,5.0,,
141.0,auliya_rahma,19 - 24,"Dry, Medium Dark, Neutral",2024-02-03,"Serum, sunscreen dan lip tint nya bagus banget, apalagi azarine ngeluarin beberapa produk make up baru seperti eyeliner nya juga sangat bagus, udh beli serum, day cream, night cream, sunscreen, lip tint dan eyeliner semuanya habis dan memuaskan sekali, Thank you Azarine",More than 1 year,FD Studio Store,auliya_rahma recommends this product!,5.0,,
131.0,permenchacha,25 - 29,"Combination, Medium Light, Warm",2024-02-04,nah ini baru sunscreen rasa moisturizer dan bisa mencerahkan kulit juga. cocok untuk semua jenis kulit sih kayanya. yang bikin aku suka dia itu karena dia pinya kandungan vitamin C yang bisa mencerahkan kulit juga. dan texture ringannya itu juga aku suka,1 month - 3 months,Shopee,permenchacha recommends this product!,5.0,46.0,False
132.0,hanifwirah,25 - 29,"Combination, Medium Dark, Warm",2024-02-04,"pertama nyobain sunscreen azarine karena ngehits bgt di fyp tiktok trus akhirnya tertarik beli daan suka bgt sama teksturnya, lembab tapi ga bikin berat berminyak gitu, cepet nyerap di kulit wajah dan finish nya muka jd keliatan plumpy segar gt. sukaa",1 month - 3 months,Shopee,hanifwirah recommends this product!,5.0,46.0,False
130.0,elsavtr,25 - 29,"Dry, Medium, Neutral",2024-02-09,"Ini another sunscreen yang aku suka setelah facetology. Suka deh sama sunscreen ini karena pas di aplikasiin ada rasa dingin di wajah, teksturnya pun gel gampang di blend dan no whitecast. Minus nya agak lama menyerapnya di muka aku dan yang paling sebel kalo pas wudhu pasti perih kena mata sisa dari sunscreenya.",More than 1 year,Sociolla,elsavtr recommends this product!,5.0,,
,,,,2024-02-11,,,,,,0.0,False
129.0,ayusyahn,19 - 24,"Combination, Medium Light, Neutral",2024-02-12,"Dari awal muncul selalu suka banget sama suncreen dari brand ini ga buat muka kusam, texturenya juga aku suka banget dan harganya juga whort it untuk mahasiswa tapi kualitasnya ga murahan udah sering banget purchase produk produk dari brand ini ü©µü´∂üèª",Less than 1 week,Shopee,ayusyahn recommends this product!,4.0,,
128.0,zulfasaptrrr,19 - 24,"Combination, Medium Light, Neutral",2024-02-13,repurchase a couple timess!! sooo moisturizing!!! aku bener bener suka sama teksturnya yg gel & gampang nyerep. bikin mood kalo mau makeup an karna bikin muka lembab jadi kalo makeup ga yg kesusahan buat blend karna udah lembab pake ini!! oiya yg paling aku suka juga dia ga bikin kusam muka kalo udh lama gitu kalo untuk mencerahkan aku kurang merhatiin sih,1 month - 3 months,Shopee,zulfasaptrrr recommends this product!,5.0,,
,,,,2024-02-18,,,,,,40.0,False
,,,,2024-02-25,,,,,,33.0,False
126.0,deviafeb,30 - 34,"Combination, Medium Light, Warm",2024-03-03,"cinta mati sama suncreen satu ini huhu pantesan banyak disukai orang2 ya. teksturnya gel, gampang diratakan dan cepat meresap. klaimnya buat kulit normal to dry tapi dikulitku yang kombinasi berminyak ini sooo good! finishnya satin, jadi ngasih kesan healthy skin. ga ada wangi apapun jadinya aku makin cinta karena kulitku cukup sensi sama produk yang ada perfumenya. dipake buat primer sebelum makeup juga oke banget. dan yang paling penting, sunscreen ini ga bikin kulitku clogged pores! ini penting banget karena kulitku cukup acne prone, jadi kalau pake suncreen yang ga non comedogenic bagian T zoneku pasti numbuh banyak komedo dan bagian pipi/dahi muncul bruntusan. satu lagi yg bikin aku cinta mati, harganya cuma 50ribuan buat 40ml! very worth the money. oh iya, packagingnya juga ringkes banget pakai tutup flip top jadi gampang dipakainya dan travel friendly karena ukurannya ga terlalu gede. repurchase? OF COURSE ‚ù§Ô∏è",3 months - 6 months,Shopee,deviafeb recommends this product!,5.0,49.0,False
127.0,yokaamelia,18 and Under,"Normal, Medium, Cool",2024-03-03,"aku coba sunscreen ini waktu itu dikasih temen akuu, eh ketagihan dongg cocok, teksturnya itu kayak moisturizer dikulit aku yang kering , sunscreen ini juga mengandung vitamin c yang bisa nyerahin wajah walaupun dia gaada efek tone up nya tapi sunscreen ini ga bikin kusamm dikulit ku",1 week - 1 month,Gift,yokaamelia recommends this product!,5.0,49.0,False
125.0,mutiakasih27,25 - 29,"Combination, Medium, Neutral",2024-03-05,"Awalnya pake ini karna kemakan iklan, ternyata worth to buy, pertama kali pakai yang warna hijau tapi karna spf yg orange lebih besar jadi saya pindah ke ini heheh, ini sudah tak terhitung repurchasenya, muka jadi becek sih tapi ngerasa ga belang kalo pakai ini",Less than 1 week,Shopee,mutiakasih27 recommends this product!,4.0,,
124.0,Marista9819,25 - 29,"Oily, Medium Light, Neutral",2024-03-09,azarin Hydramac-c sunscreen serum spf 50 ini tekstur nya gel dingin jadi cepat meresap di wajah gak meninggalkan whitecaset di wajah cocok untuk kuli ku yang berminyak bikin wajah ku jadi cerah juga karena ada kandung vitamin c nya yang bagus untuk mencerahkan ada efek tone up setelah di pakai,1 week - 1 month,FD Try and Review,Marista9819 recommends this product!,5.0,,
122.0,adrinefa,18 and Under,"Combination, Medium, Neutral",2024-03-10,"sunscreen azarine aku y ke-2, awalnya okee nyerapnya enak dan cepat, sekalinya dibawa pergi oh noo muka ku jadi kusemm bgtt, keringetan parah jugaa, mungkin karna aku ga cocok sama tekstur dan spf lumayan tinggi kali yaa, tp untuk dry skin kayaknya bagus bgtt, selamat mencobaaa",1 week - 1 month,Gift,adrinefa recommends this product!,2.0,41.0,False
123.0,Amore2023,35 - 39,"Combination, Medium, Neutral",2024-03-10,entah kenapa kok jerawatan. mungkin nggak cocok dengan kandungan vitamin C kali ya. padahal masih banyak akhirnya nggak kepake. sensasinya pas abis dipake lembab dan adem. cuma agak.. 'sumuk'. mungkin bener kulit saya nggak cocok dengan skincare dengan kandungan vitamin C.,Less than 1 week,Shopee,Amore2023 doesn't recommend this product!,3.0,41.0,False
,,,,2024-03-17,,,,,,0.0,False
121.0,puansyadiva,19 - 24,"Combination, Medium, Neutral",2024-03-19,"Lagi lagi sebagai orang yang kulitnya dehidrasi ini seneng ngeliat azarine ngeluarin sunscreen hydramax, tapi ternyata pas dicoba malah muncul jerawat padahal teksturnya enak ringan dan gampang diblend tapi malah gak cocok sama ini sunscreen",1 week - 1 month,Shopee,puansyadiva doesn't recommend this product!,2.0,,
120.0,Ylatrzolv,25 - 29,"Combination, Medium Light, Warm",2024-03-21,"Setelah cobain yg hydrasoothe, aku penasaran sama yg ini. Masih sama2 ringan, gampang diapply, dan cepet meresap. Buat kulit yg kering sih cocok bgt nih, karna lebih melembapkan. Untuk kulit kombinasi juga masih nyaman. Yang aku noticed, setelah pakai sunscreen ini kulitku keliatan lebih cerah.",More than 1 year,Shopee,Ylatrzolv recommends this product!,5.0,,
,,,,2024-03-24,,,,,,46.0,False
119.0,mutjja,19 - 24,"Normal, Medium Light, Neutral",2024-03-25,"suka banget finishnya dan rasanya nyaman pas dipake. teksturnya gel terud kaya ada dingin-dingin gitu enak banget. repurchase sekali abis itu kayanya ga bakal lagi karena mau cobain vitamin c yang ga langsung digabungin sama fungsi sunscreen. sama mau coba sunscreen lain yang physical. dah segitu dulu nanti update lagi bye [April 2023 - Agustus 2023], [Oktober 2023 - Maret 2024]",More than 1 year,Shopee,mutjja recommends this product!,4.0,,
117.0,wafinish,19 - 24,"Dry, Medium Light, Cool",2024-03-28,"cocok banget untuk kulit kering kerontang kayak aku, ngga berat dan lengket. sangat melembabkan dan yang paling penting sangat ringan ketika sudah diratakan di wajah. pokoknya the best dan sangat affordable sunscreen ini sudah direkomendasikan dimana-mana dan mudah didapatkan juga. cmon grab yours!!",1 month - 3 months,Shopee,wafinish recommends this product!,5.0,,
118.0,divanabilla,25 - 29,"Dry, Light, Neutral",2024-03-28,"baru coba produk ini sekitar 4 hari, untuk teksturnya creamy tapi berasa ringan di kulit. tiap kali dipakai aku ngerasa ada sensasi dinginnya yg bikin seger. setelah di apply berasa kulit jadi lembab dan gampang banget untuk di blendnya, dan setelah dia menyerap tuh ga bikin kulit jadi berminyak. cocok untuk kulit yang normal to dry kaya aku, karena dia sangat melembabkan. sejauh ini aku suka sm hasilnya",Less than 1 week,FD Try and Review,divanabilla recommends this product!,4.0,,
,,,,2024-03-31,,,,,,58.0,False
116.0,sekarnwg,25 - 29,"Normal, Medium, Warm",2024-04-01,"Juara satoe sunscreen azarine buat kulit kering! Udh ni ya kalo kulit kalian kering dan kusam, fix pilih yg ini aja. Teksturnya antara gel-cream gt, begitu diaplikasikan gampang diratain, ga whitecast (chemical), dan ada sensasi dinginnya. Ga berasa berat dan ga lengket. A must have lah pokoknya. Bakal repurchase terus ehehehe",1 month - 3 months,Shopee,sekarnwg recommends this product!,5.0,,
115.0,cahaya_cl,25 - 29,"Dry, Medium Light, Neutral",2024-04-02,"sunscreen yang paling aku suka.best banget pokoknya.teksturenya ringan,ngga whitecast,ngga bikin kusam,ngga pilling,dan ngga perih dimata.saking suka nya sama ss ini,aku udah sering repurchase loh.kalian wajib banget cobain ss ini.",More than 1 year,Shopee,cahaya_cl recommends this product!,5.0,,
,,,,2024-04-07,,,,,,0.0,False
114.0,Liaagustinaa_,19 - 24,"Dry, Medium Light, Neutral",2024-04-08,"Azarine Hydramax-C Sunscreen Serum ini udah jadi salah satu sunscreen favorite aku, cocok sama aku yang punya kulit kering dan sensitif. Untuk teksturnya kayak lotion warna putih susu, pas dipake ada sensasi dinginnya terus gaada whitecase sama sekali, cepet nyerep dan ringan banget! Biasa kalau aku gacocok pasti jerawatan, tapi sunscreen yg ini di aku aman. Jadi pasti aku repurchase lagiiü´∂üèª",1 month - 3 months,Shopee,Liaagustinaa_ recommends this product!,5.0,,
113.0,syarifah_azizah54,19 - 24,"Dry, Medium, Neutral",2024-04-12,BAGUS BANGET.. Gw udah pake ampe setahun udah ganti keberapa kali tau dah.. selalu di hati si sunscreen ini.. cocok dikulit ku yang kering tapi sedikit minyakan.. cepet meresepnya gampang di blend .. gw udh coba banyak produk sunscren dan akhirnya menetap di sini,6 months - 1 year,Shopee,syarifah_azizah54 recommends this product!,5.0,,
,,,,2024-04-14,,,,,,49.0,False
112.0,hanieluvvv,19 - 24,"Oily, Medium, Neutral",2024-04-16,teksturnya lebih Thick dan lebih melembabkan di banding yang spf 45 tapi di aku pribadi sebagai St oily acneprone ngga ada masalah sih emang lebih berminyak tapi masih yang wajar dan sunscreen ini ngga ngetrigger jerawat ku sih dia juga cepet nyerep ngga bikin sumuk / kusam,More than 1 year,Shopee,hanieluvvv recommends this product!,5.0,,
110.0,firstyannisa,30 - 34,"Combination, Medium, Neutral",2024-04-19,"Sunscreen yg cocok buat kulit dengan kondisi dehidrasi dan sering terpapar polusi seperti kulitku. Formulanya tidak pore clogging, tone up, no whitecast, ringan di kulit dan tidak bikin bruntusan atau memicu jerawat. No fragrance, dan kalau dibasuh dia gak bikin pedih mata.",6 months - 1 year,Shopee,firstyannisa recommends this product!,5.0,,
111.0,benedictadeap,19 - 24,"Dry, Medium Light, Neutral",2024-04-19,"SUNSCREEN YANG BENER-BENER PALING COCOK BUAT DRY SKIN ATAU KOMBINASI FIX. beneran melembapkan bangett!! bahkan buat base make up, masih amann engga bikin cakey make up sama sekaliii. ada harga ada kualitas yaaaaa :"")",1 month - 3 months,Shopee,benedictadeap recommends this product!,5.0,,
,,,,2024-04-21,,,,,,44.0,False
106.0,Theretria,25 - 29,"Combination, Medium, Neutral",2024-04-22,Ini best buy product aku tahun lalu jujur! Sejauh ini coba berbagai macem suncreen dan akhirnya berlabuh ke azarine. Cocok di muka aku yg combination dan enteng bgt cepet ngeresep di mukaaa. Aku pake ini udh setaun dan gabakal pindah ke product lain lagi sih,More than 1 year,Watson,Theretria recommends this product!,5.0,,
107.0,sheren2203,30 - 34,"Combination, Light, Neutral",2024-04-22,"so far pemakaian aku suka teksturnya. nggak padet tapi nggak cair juga bikin merasa kulit terproteksi. mggak ada whitecast juga, dan after application bikin kulit berasa glow glow gimana gitu. udah re-purchase beberapa kali karena sesuka itu",1 month - 3 months,Shopee,sheren2203 recommends this product!,5.0,,
108.0,kgsghrt,25 - 29,"Dry, Medium, Warm",2024-04-22,"Sukaaaaaa.. Akhirnya nemu sunscreen yang teksturnya aku suka. Ga ada whitecast, ga kasih tone up, lumayan cepet meresapnya, kasih efek glowing yang bagus gitu.. Pokoknyaa suka sama sunscreen ini, udah repurchase juga dan kayanya bakal jadi sunscreen yang kalo ga cocok yang lain yaa balik kesini hehe",6 months - 1 year,Shopee,kgsghrt recommends this product!,5.0,,
109.0,ocyeaniczee,19 - 24,"Dry, Light, Neutral",2024-04-22,"Overall for me is 6/10. Plusnya adalah texturnya enak creamy ga oily, bisa melembabkan, sdikit lengket (no problem for me), dan utk kulit ak yg dry and sensitive ini jg cocok bgt. Minusnya ga seberpengaruh itu. Aku beli yg spf 50 krn sblmny pke yg 45 jg ga ngaruh ap2, yg 50 ini better sih krn ga trllu bkin kulit ak gosong tp honestly still 6/10. I won't repurchase. Not bad but not good.",3 months - 6 months,Official Brand Store,ocyeaniczee doesn't recommend this product!,2.0,,
104.0,umifala,30 - 34,"Combination, Light, Neutral",2024-04-23,"aku beli ini pas awal2 launch..rame bgt soalnya + gunain voucher belanja tiktok hahhahaha. ini tekstur kental krim nya agak butuh waktu lama ya buat nyerap ke kulit , tapi aku yg kombinasi suka sih cuma pikir ulang buat beli lagi soalnya gasuka sama lobang tube nya gedhe bgt selalu kebanyakan keliarun produk sebel :( enak hidrasi seharian membantu makeup gak crack, cuma ya agak sumuk dkitt",3 months - 6 months,Shopee,umifala recommends this product!,4.0,,
105.0,ahyaitazhra17,19 - 24,"Oily, Medium, Neutral",2024-04-23,"ini sunscreen azarine paling cocok di aku. teksturnya gel after pake jadi dingin gitu, gak greasy dan bikin kusam, nyerap nya cepet juga di mukaku. biasanya kalau pake sunscreen gel tuh suka bikin peeling mskeup tapi ini engga complexion malah makin nempel syukaakk",3 months - 6 months,Watson,ahyaitazhra17 recommends this product!,5.0,,
102.0,Shafiraa00,19 - 24,"Dry, Medium Light, Cool",2024-04-25,"Mungkin emang kulit aku tipikal yang kurang cocok sama vitamin c, jadi bukannya mencerahkan, tapi malah bikin muka kusam. Dibangin varian ini, aku lebih prefer varian yang varian sun gel nya. Tapi dari segi tekstur dan kelembapan oke banget sih",1 month - 3 months,Shopee,Shafiraa00 doesn't recommend this product!,3.0,,
103.0,pitriyani1990,30 - 34,"Oily, Medium, Neutral",2024-04-25,"sunscreend pertama brand lokal yang aku beli krn biasanya pakai brand korea, awalnya maju mundur untuk beli n then akhirnya dibeli juga. takjub juga dengan brand lokal ini krn menghidrasi kulitku yg skr mulai kering, cepet menyerap hanya aja ga tahan kena air",1 month - 3 months,Official Brand Store,pitriyani1990 recommends this product!,5.0,,
101.0,Swift,25 - 29,"Dry, Medium Light, Warm",2024-04-26,"sunscreen yang cocok banget buat tipe kulit aku yang normal to dry. melembabkan, tapi ga bikin efek oily di muka aku. slightly bikin muka aku lebih cerah. tekstur nya seperti lotion, tapi ga terlalu thick. udah pasti akan selalu repurchase siih üòç",More than 1 year,Shopee,Swift recommends this product!,5.0,,
,,,,2024-04-28,,,,,,42.0,False
100.0,adehadian20,25 - 29,"Normal, Medium Light, Neutral",2024-04-29,"Cukup ok, gak whitecast, ada efek kayak basah gitu setelah nyatapi kalau dibilang yg ada sensasi dingin sih enggak, buat nahan biar gak belang kurang, cuma kalau buat keluar rumah masih ok, overall cocok cocok aja, tapi dibanding yg hijau aku lebih cocok yg oren ini",6 months - 1 year,Shopee,adehadian20 recommends this product!,4.0,,
99.0,N1996,25 - 29,"Oily, Medium, Neutral",2024-05-02,"Awal-awal pake sunscreen masih bingung kayak produk mana yg cocok buatku, karena kulitku sensitive plus acne-prone. Udah nyoba banyak brand yg kata orang2 bagus tapi ternyata nggak friendly buatku. Dan akhirnya nyoba sunscreen ini karena tertarik dgn harganya yg affordable, SPF tinggi (50++++), dan klaim serum pencerah yg ada di dalemnya. Tp ternyata baru sadar setelah ngabisin beberapa tube kalau kulitku nggak bisa pake yg SPF nya tinggi since it makes my skin really dull. Menurutku buat acne + sensitive better pake variant mosturizer (acne + barrier)",6 months - 1 year,Shopee,N1996 doesn't recommend this product!,3.0,,
98.0,andin03,30 - 34,"Combination, Medium Light, Neutral",2024-05-03,"udah repurchase yg ke 3 kali nya sma sunscreen ini. ini sunscreen yang aq pake klo lgi bnyak aktivitas di luar ruangan. harganya terjangkau, dipakai nya lumayan cepat nyerap, meskpin krsa agak berat di muka. udh gtu ada blue light protectionnya, bikin makin suka buay di pake trus.",More than 1 year,Tokopedia,andin03 recommends this product!,5.0,,
92.0,safiranurh,18 and Under,"Oily, Medium Dark, Neutral",2024-05-04,"tipe sunscreen yang ga bikin muka kusem dan ga bikin berat dimuka. waktu di apply ke muka gaada efek yang gimana gimana, enak teksturnya gampang di blend mudah menyerap gabikin whitecast, harganya juga affordable buat ukuran sunscreen!!",1 month - 3 months,Shopee,safiranurh recommends this product!,5.0,,
93.0,ufhfzh,25 - 29,"Normal, Light, Neutral",2024-05-04,"Sunscreen yang cocok bangettt buat kulit kering, teksturnyaa ringan bangett dan ga buat wajah whitecast. Adaa kandungan vitamin c yang buat wajah jadii cerah udah gituu ngasih efek glowingg. Okee deh pokonyaa buat pemakaiann sehari harii.",3 months - 6 months,Shopee,ufhfzh recommends this product!,5.0,,
94.0,Jasminenfg,19 - 24,"Normal, Medium, Neutral",2024-05-04,Sunscreennya bagus banget ga lengket pas udah di apply nya dan jadi hydrated gitu mukanya. Cuman sedih banget kenapa isinya dikit ya :‚Äô) TAPI BAGUS BANGET KOK apalagi buat yang sering naik motor bagus buat lindungin kulit dari matahariii!,1 week - 1 month,Tokopedia,Jasminenfg recommends this product!,5.0,,
95.0,yuri192,19 - 24,"Normal, Medium, Neutral",2024-05-04,"Baru sebulan lebih pake azarine ini, Teksturnya nyaman, ga pedih dimata sama sekali, Dan cocok dimuka aku. ü•∞üòÇSekarang juga udah mau habis, jadi mau coba beli lagi untuk yang kedua botol hahahah.Semoga makin nampak keliatan dimuka aku ya",1 week - 1 month,Shopee,yuri192 recommends this product!,4.0,,
96.0,divyamalk,19 - 24,"Normal, Medium Light, Neutral",2024-05-04,Sunscreen yang sangat affordable. karena kita wajib banget pake sunsreen setiap hari. Aku saranin sih kalian pake dari merk azarine ini ya karena harganya murah tapi kita udah bisa dapet spf 50 yang buat kulit kita terjaga dari paparan sinar matahariüåûü´∂üèªüíó‚ú®,6 months - 1 year,Shopee,divyamalk recommends this product!,5.0,,
97.0,Fatiyaamr,19 - 24,"Combination, Medium Light, Neutral",2024-05-04,"Entah udah habisin berapa tube sangking cocoknya sama sunscreen ini, teksturnya nyaman gak bikin lengket dan mudah menyerap. Pakai makeup juga gak bikin peeling, wajib coba sih sunscreen dengan harga affordable ini.",More than 1 year,Shopee,Fatiyaamr recommends this product!,4.0,,
88.0,anjane,25 - 29,"Oily, Medium Dark, Cool",2024-05-05,"ini salah satu sunscreen favorite! hasilnya ringan diwajah tidak jadi peeling pas di timpa makeup, pemakaian dengan teknik layering atau tidak hasil bagus bagus aja. dengan pemakaian rutin bikin wajah lebih cerah karena ada kandungan vitamin C-nya.highlyrecommended",6 months - 1 year,Shopee,anjane recommends this product!,5.0,34.0,False
89.0,Nisaarinaa,19 - 24,"Dry, Medium, Warm",2024-05-05,"Bagus banget, cukup melembabkan walaupun sebelumnya ga pake moisturizer dan di kulit aku ga greasy dan ngga bikin kusam. teksturnya agak kental gitu warnanya putih dan ga berbau. Lumayan awet juga dipake sedikit cukup untuk seluruh muka",3 months - 6 months,Female Daily Event,Nisaarinaa recommends this product!,5.0,34.0,False
90.0,Nengyesifa,19 - 24,"Normal, Medium, Warm",2024-05-05,"Pertama kali nyobain product azarine yang ini, dan Alhamdulillah langsung cocokk, cepet banget nyerepnya dan wanginya juga enakk bgt calming.. buat harga affordable banget di kantong aku yg masi pelajar dan awet banget jugaa produknyaa! Pasti bakal repurchase sih",1 week - 1 month,Shopee,Nengyesifa recommends this product!,5.0,34.0,False
91.0,alifadnri,19 - 24,"Dry, Dark, Neutral",2024-05-05,"best combo banget sunscreen yg udah mengandung vit c nya jugaaa, tekstur nya enak gampang diblend jadi sat set cocok buat dipake daily. kemasannya super gemes warna warni bikin vibes ceria dan kecil gampang dibawa kemana mana. cus beli, super worth it pokonyaaa",3 months - 6 months,Shopee,alifadnri recommends this product!,5.0,34.0,False
87.0,Novisetya,25 - 29,"Combination, Dark, Neutral",2024-05-10,"Sumpah azarine sunscreen itu enak bgt di pake, yg spf 50 yaa, dan rasanya ringan bgt, gampang meresap bikin glowing dan ga membekas sama sekali, aku dah pakai setahunan ini dan hasilnya bagus bangettt melindungi aku yg kerja di outdoor, jdi aman deh kalau kena panas matahari, yang penting sering‚Äù pakai aja yaahhüòä",6 months - 1 year,Guardian,Novisetya recommends this product!,5.0,,
86.0,yypiskyies,18 and Under,"Normal, Medium, Neutral",2024-05-12,"cocok banget buat kulit aku yang normal to dry finishnya dewy , awalnya aku coba make yang ijo tapi aku ngerasa lama lama kusem trus pindah deh pake yang ini malah nyaman ,but 40ml seharga 60an itu rada mahal bagi kaum pelajar kaya aku ü´† ,tapi aku tetap cinta ss azarine üòΩ",6 months - 1 year,Guardian,yypiskyies recommends this product!,5.0,69.0,False
84.0,adelyanp,19 - 24,"Oily, Medium Light, Warm",2024-05-13,"Lightweight and absorbs quickly, leaving a dewy finish that doesn't feel greasy. Big bonus: no white cast! My skin feels hydrated throughout the day, and I appreciate the added protection from blue light and pollution. While the bottle is a bit on the small side, it's become a daily essential for keeping my skin shielded and glowy.",3 months - 6 months,Shopee,adelyanp recommends this product!,4.0,,
85.0,Resty4,25 - 29,"Dry, Medium, Warm",2024-05-13,"Masih jadi salah satu sunscreen andalan sih buat daily. Selain karena harganya yang lumayan terjangkau ya karena enak dipakainya. Easy to blend, no whitecast dan Finishnya juga healthy glow gitu jadi cocok buat tipe kulitku yang normal to dry ini.",6 months - 1 year,Shopee,Resty4 recommends this product!,4.0,,
82.0,nitaf,25 - 29,"Combination, Medium Light, Neutral",2024-05-18,"Lupa ngecek kemasannya, ternyata ini tipikal sunscreen yang moisturizing banget. Nggak rekomen buat yang gampang keringetan atau lagi buru-buru, karena nyerapnya lumayan lama. Tapi buat ngakalinnya biasanya abis 10 menit setelah pengaplikasian, langsung aku timpa setting spray, biar kulit nggak terlalu lengket buat base make up-nya. Selama beneran nunggu nge-setnya nggak bakal piling atau bikin perih undereye sih.",1 week - 1 month,Shopee,nitaf doesn't recommend this product!,3.0,,
83.0,minty,19 - 24,"Oily, Light, Cool",2024-05-18,"Ini sunscreen emang lebih cocok buat dry skin karena dia hydrating banget dan teksturnya ga se matte seperti yg warna ijo tapi menurutku ini cocok buat dipakai di pagi hari tinggal skip moist aja! Dan aku juga suka karena dia apply blend nya gampang jadi sat set, dipake sebelum berangkat kerja",3 months - 6 months,Shopee,minty recommends this product!,4.0,,
81.0,ayuups,25 - 29,"Combination, Medium, Warm",2024-05-19,"Sunscreen ini ringan, gampang menyerap dimukaku mungkin karena teksturnya yang cukup ringan. Spfnya 50 ngebuat aku cukup pede kalau siang siang kena panas dan harganya mursida bangettttt hehe suka sama sunscreen ini tapi mau coba varian azarine yang lain üòÅ",1 month - 3 months,Watson,ayuups recommends this product!,5.0,0.0,False
,,,,2024-05-26,,,,,,55.0,False
80.0,Kakapikaaaa,19 - 24,"Combination, Medium Light, Neutral",2024-05-27,"Awalnya ragu nyoba krna ada vit c nya, aku suka iritasi klo pake yg ada vit c nya, TAPI YANG INI ENGGA! gak bikin iritasi, lembap bgt sumpah muka tu trus krna ada vit c nya mukaku berasa cerahan gtu, tp minusnya cepet abis krna isinya dikit(( overall good sukak koo!!!‚ô°‚ô°‚ô°",3 months - 6 months,Shopee,Kakapikaaaa recommends this product!,5.0,,
79.0,04Kiky,25 - 29,"Combination, Medium Light, Neutral",2024-06-02,"Sunscreen ini berwarna putih namun seperti ada hint blue nya?? I am not sure, tapi sepenglihatannya seperti itu terlebih di tempat yang terang. Produk sunscreen satu ini mudah diaplikasikan atau diratakan di kulit wajah dan cepat meresap. Oleh karena itu produk satu ini nyaman untuk digunakan sehari-hari.",1 month - 3 months,Shopee,04Kiky recommends this product!,4.0,71.0,False
78.0,SyifaKamila12,19 - 24,"Combination, Medium, Neutral",2024-06-06,"udah pakai sunscreen ini dan bagusss banget. dia teksturnya ringan, gak ngeganggu buat aktivitas krna cepat meresapnya. teruss aku juga suka soalnya ini ada kandungan vit c gituu. aku pake tiap hariiii dan gak ada nimbulin efek negative di kulit akuü©∑ü©∑ü©∑",1 month - 3 months,Shopee,SyifaKamila12 recommends this product!,5.0,,
75.0,dvamnd,19 - 24,"Normal, Medium, Neutral",2024-06-07,"Buat yang lagi cari mari merapat ke azarine ini,ini sucreen yg ter the best aku selama pake sunscreen gak lengket gk cepet nyeresapnya gk ninggalin white case jg terus dia jg melembabkan jd gk perlu pakai pelembab lagi dehh, cuman sayang isinya terlalu dikitt",1 month - 3 months,Shopee,dvamnd recommends this product!,5.0,,
76.0,nafatanskin,18 and Under,",18 and Under",2024-06-07,"menyatu dikulit tidak bikin abu' ga lengket jugaa ringan bangett dikulit dan bikin kulit menjadi cerah dan glowing dan tidak membuat kulit ngelupas atau pun gradakan,cocok banget dikulitt tanskin pokonya jatuh cinta banget sama produk azarine",1 week - 1 month,Shopee,nafatanskin recommends this product!,5.0,,
77.0,kkikii,18 and Under,"Normal, Dark, Neutral",2024-06-07,"sunscreen kebanggaan aku! teksturnya creamy, di apply ke muka lembut, udah repurchase beberapa kali, dan whitecast nya dikit si di aku dan ga bikin buluk, cuma emang harus di apply beberapaa kali lagi kalo dirasa muka udah berminyak, lumayan worth it",1 month - 3 months,Shopee,kkikii recommends this product!,5.0,,
71.0,spacetoon,19 - 24,"Combination, Medium Dark, Warm",2024-06-08,"sunscreen azarine yg satu ini ringan banget sih, dia bukan yang bikin muka keliatan kusam. dipakenya juga super duper ringan parah kaya ga pake sunscreen. recomended banget buat yang ga suka sunscreen berat, cinta banget sama produknya ü´∞",More than 1 year,Shopee,spacetoon recommends this product!,5.0,,
72.0,shafasalsabila98,19 - 24,"Normal, Medium Light, Warm",2024-06-08,Sunscreen on budget kecintaan semua orang!! Teksturnya light bgt walaupun untuk dry skin. Ada efek brightening jadi habis pakai ini ga bikin muka kusam. Glowing bgt!! Aku suka pake sunscreen ini kalau lagi gamau pakai makeup. Super loveee!!,3 months - 6 months,Shopee,shafasalsabila98 recommends this product!,5.0,,
73.0,novitadwils,19 - 24,"Combination, Medium, Neutral",2024-06-08,Suka bgt pake yg ini karena langsung glowing dan sehat aja. teksturnya light ringan . kalau buat aktifitas diluar harus sering reapplay tapi. so far ga buat whitecast dan lengket dan ringan . cocok buat remaja. Bentuknya travel friendlyü•∞ü•∞,1 month - 3 months,Shopee,novitadwils recommends this product!,5.0,,
74.0,amalaaudinac,25 - 29,"Dry, Medium, Neutral",2024-06-08,Sunscreen yang cocok buat kulit kering. Makeup tetep nempel meski pake makeup. Gabikin kusem juga setelah apply sunscreen ini. Rekomen sih produknya buat kulit kering dan yang penting gabikin white case sama sekali waktu di apply rekomen deh,6 months - 1 year,Shopee,amalaaudinac recommends this product!,5.0,,
,,,,2024-06-09,,,,,,41.0,False
70.0,Suci_an,25 - 29,"Normal, Medium, Neutral",2024-06-10,"Suka bgt pakae varian Azarine yg hydrmax-C ini, karna tentu saja ada kandungan Vit.C nya sebagai anti oksidan, dan udah ada kandungan pelembabnya.Untuk teksturnya gel, gampang di blend, cepet menyerap. Sunscreen yang bakalan aku repurchase karna harganya yg affordable. Sukaaaa bgt sih",3 months - 6 months,Shopee,Suci_an recommends this product!,5.0,,
69.0,auca,18 and Under,"Dry, Medium Light, Neutral",2024-06-12,"ini sebenarnya suncreen bagus buat dry skin, karena melembabkan, tapiii bikin kusam di muka ku :(bikin glowing sih pas after use, trus bikin gerah di muka pas di pake, untuk di timpa makeup masih bagus, no whitecast, no tone up, mudah di blend",1 month - 3 months,Shopee,auca doesn't recommend this product!,3.0,,
68.0,wulanres,25 - 29,"Combination, Medium, Neutral",2024-06-14,"Ini sunscreen cocok banget buat yg punya kulit kering karna melembabkan banget di kulitku tapi gak yg berlebihan di kulit normalku , sunscreen ringan memang jatuh ke azarine dari awal kenal sudah jatuh cinta , teksturmya gak jauh dari yg tosca , mudah di ratain dan gak ada whitecast jga",1 week - 1 month,Watson,wulanres recommends this product!,4.0,,
67.0,Leehaya,19 - 24,"Combination, Medium, Cool",2024-06-16,"First Sc yang aku pake dari azarin itu yang ini!!! kandungannya itu emang bagus sih, tapi aga kurang cocok menurut aku kalau suka aktivitas outdoor apalagi suka olahraga di bawah terik matahari langsung. karena jadi cepet kusam aja gtu harus touch up terus kalau seharian diluar. akhirnya temen aku recomend yang SPF nya dibawah 50 biar ga terlalu strong katanya:) buat remaja sangat rekomendd banget dari akuu",More than 1 year,Shopee,Leehaya recommends this product!,4.0,59.0,False
66.0,mndaaa1211,18 and Under,"Combination, Medium, Neutral",2024-06-18,Sunscreen hydramax ini baguss banget awalnya aku ragu buat beli sunscreen ini tapi pas awal-awal aku coba baguss bangett nampoll pokoknya suka banget sama tekstur nya yang ringan dikulit aku next sii bakal cobain lagiiüòçüòç,Less than 1 week,Tiktok,mndaaa1211 recommends this product!,5.0,,
65.0,maulannisa,19 - 24,"Combination, Light, Cool",2024-06-21,"Awalnya sih aku underestimate sama product ini dan baru coba karena pacarku pake aja dan ternyata worth the hype and price!! huhu. Padahal sebelumnya udah setia banget sama Emina Sun Battle yang aku pake dari SMA sampai udah kerja skrg. Kalo dibandingin sama Emina sihh Azarine lebih ringan dan ngga bikin pedih di mata ajaa, tapi untuk isi lebih awet Emina. Will consider to buy this again, secara aku tipe yang mending pake sunscreen murah tapi bisa pakai banyak-banyak buat full protection :)",1 month - 3 months,Lazada,maulannisa recommends this product!,5.0,,
64.0,Shellaavida,25 - 29,"Combination, Medium Light, Neutral",2024-06-22,"Awalnya penasaran aja soalnya sempet booming brand azarine ini, aku pilih yg spf 50 karena matahari di jkt gilaaa terik banget. Pas awal pake kok langsung suka sama texturenya yg ringan dan cepet meresap ditambah kalau pake sunscreen ini gak perlu mois lagi karena dia udh ngasih kelembaban yg aku butuhin. Menurut aku untuk ukuran segini dengan harga under 100 wort to buy yaa. Aku udh repurchase beberapa kali dan sepertinya tidak akan ganti sunscreen.",6 months - 1 year,Watson,Shellaavida recommends this product!,5.0,,
63.0,elviagrd,25 - 29,"Dry, Light, Neutral",2024-06-23,"Baru ngabisin 1 tube krn enak juga! Lebih murah dan spt biasa, no white cast, gampang di blend dan gampang nyerap, ga buat lengkett dan ok bgt ditimpa sama make up, sering promooo juga kadang cmn jd 30k, duh pokoknya recommended bgttt apalagi buat remaja",1 month - 3 months,Shopee,elviagrd recommends this product!,5.0,54.0,False
62.0,madnight,18 and Under,"Combination, Light, Neutral",2024-06-26,"salah satu suncreen favoritku ü§ßü´∂üèª klaimnya emang buat dry skin, tapi di kulitku yg combination ini masih okee. gak perlu effort lebih juga buat ngeblend, enak bgt diblend. finishnya glowy, kaya kulit sehat. mantul banget kalau dipake setelah serum vitamin C, kulit bakal keliatan cerah dan gak kusam üòç",6 months - 1 year,Guardian,madnight recommends this product!,5.0,,
61.0,fris_frisca27,25 - 29,"Oily, Medium Light, Cool",2024-06-29,"Udah repurchase 4x sunscreen ini, karena emang sebagus itu ‚ù§Ô∏è‚ù§Ô∏è‚ù§Ô∏è teksturnya ringan dan ga bikin kusem di kulitku yang oily, at least kulit kerasa lembab bgt tapi ga lengket, dan bonusnyaa bekas jerawat memudar. ü§©ü§©ü§© Worth it to buy bgt . Nyesel banget kenapa ga dari dulu ketemu sama sunscreen ini",6 months - 1 year,Shopee,fris_frisca27 recommends this product!,5.0,,
60.0,madkied,18 and Under,"Combination, Medium Light, Cool",2024-06-30,"Udah beberapa kali repurchase ini, tapi lebih suka temennya yang Hydrasoothe ^__^ texturenya creamy gel yang agak thick gitu (mirip mayonaise hahaha) setelah di apply lumayan berat di muka tapi setelah meresap jadi ringan, no whitecast dan jadi lembab setelah pake",3 months - 6 months,Official Brand Store,madkied recommends this product!,4.0,46.0,False
59.0,Salmahamalna,25 - 29,"Dry, Medium, Warm",2024-07-01,"Ga pernah bosen buat review sunscreen ini karena seeeecocok itu. Beberapa waktu kemaren aku sempet jerawat gede gede dan ga sembuh-sembuh karena nyoba varian lain yg spfnya lebih rendah. Ternyata baru tau kalo aku alergi sama skincare yg ada kandungan centella aciatica. Begitu juga sinar UV se jahat itu buat kulit yaaahhSetelah balik ke varian ini (dan tentunya dibarengi double cleansing dan exfoliating) jerawatku berkurang banget, bonusnya mukaku jadi lebih cerah dan lembab.",More than 1 year,Traditional Market,Salmahamalna recommends this product!,5.0,,
58.0,gunawanzhy,25 - 29,"Combination, Medium, Neutral",2024-07-02,Sunscreen azarine emang bagus sih tpi utk yg ini ga sesuai klaim nya. Efek bright nya ga ada dan better ss yang ijo di aku gatau ya kerasanya agak aneh varian yg ss ini. Overall bagus kok cepet meresap tekstur nya lembut dan dipake nya jg nyaman..,1 month - 3 months,Shopee,gunawanzhy recommends this product!,4.0,,
57.0,Nemesis,18 and Under,"Normal, Medium, Warm",2024-07-03,"tekturnya gel yang agak kental, awalnya beli ini karna tertarik sama efek brighteningnya tapi untuk pemakaian sehari hari nggak ada perbedaan signifikan, dan kerasa agak berat diwajah tapi masih nyaman dipakai, di aku lebih cocok yang varian hydrasoothe",1 week - 1 month,Shopee,Nemesis recommends this product!,3.0,,
56.0,Sapphirea,18 and Under,"Combination, Medium Light, Neutral",2024-07-04,"ini bagus bangett, suka teksturnyaaa ringannnn suka banget, minusnya kalo lagi panas-panasan terus keringetan tuh sunscreennya kayak meleleh bikin mata perih, kadang mata aku sampe ngeluarin air mataüò≠ aku udah repurchase berkali-kali karna emang bagus diaa, nyaman banget buat dipakai sehari¬≤ rasanya terlalu nyaman apalagi kalo kalian cuma lagi berkegiatan di dalam ruangan (ga yang panas-panasan) ga berat dan ga bikin gerah, pokoknya ini jadi salah satu sunscreen favorite akuu dari segi kualitas, isi, dan hargaüíï",3 months - 6 months,Watson,Sapphirea recommends this product!,4.0,,
52.0,misakibee,19 - 24,"Combination, Light, Cool",2024-07-05,"Pernah coba sunscreen lain, tapi yang paling cocok ini. Ga buat mukaku kering, ga nimbulin jerawat, cepat meresap, gaada bau yang aneh, teksturnya juga suka banget, plus sesuai klaim sedikit mencerahkan. Minusnya mungkin isinya agak sedikit, tapi dengan harga yang affordable, bisa dimengerti.",More than 1 year,Guardian,misakibee recommends this product!,5.0,,
53.0,Dhillaputri14,18 and Under,"Oily, Medium Dark, Warm",2024-07-05,Awalnya ga terlalu berekspektasi besarr tapii ternyata sebagus itu. Ga lengket di kulit kombinasiku. Kayaknya bakal beralih nih dari hydrashoote spf 45 hihi. Harganyaa juga masih ramab dikantong mahasiswa dan kemasannya cukup travelfriendly,1 week - 1 month,Shopee,Dhillaputri14 recommends this product!,4.0,,
54.0,zahrasha,30 - 34,"Dry, Medium, Warm",2024-07-05,"Satu2nya Sunscreen yg udah di repurchase 3x.enak ringan, nggak ada peeling & nggak bikin whitecast. Di aku nggak sampai mencerahkan, tapi di temenku bisa mencerahkan bekas luka bakar matahari nya. Carinya juga gampang di toko offline/online",6 months - 1 year,Shopee,zahrasha recommends this product!,5.0,,
55.0,khiyara,19 - 24,"Combination, Medium Light, Neutral",2024-07-05,"Mudah meresap, no white case melembabkan, kandungan vit c nya lumayan mencerahkan, udah gitu spf 50 lagi jadi gak bikin belang walaupun beraktivitas diluar ruangan, cocok untuk tipe kulit kering, love azarine, makasih sudah menciptakan produk ini",More than 1 year,Tiktok Shop,khiyara recommends this product!,5.0,,
43.0,fazha30,25 - 29,"Oily, Medium Light, Neutral",2024-07-06,"Salah satu sunscreen favorit aku üòçüòçüòç kalau pakai dia biasanya skip moist, jadi paling enak kalau dibawa bepergian juga, karena nggak perlu bawa banyak skincare, selain itu karena dia mengandung vitamin C maka ada efek mencerahkannya üòçüòçüòç",6 months - 1 year,PR Package,fazha30 recommends this product!,5.0,,
44.0,fltika,30 - 34,"Dry, Medium, Neutral",2024-07-06,"Produk yang g boleh dilewatkan tiap harinya. Udah ga tau berapa kali Cekout di ecommerce dan offline store. Produknya ringan , cocok dikulit normal to dryskin. Sudah ga bakalan pindah ke lain hati, karna udah cocok. Varian sunscreen azzarine ini banyak jadi bisa di sesuaikan type skin wajah klean ya",More than 1 year,Female Daily Event,fltika recommends this product!,5.0,,
45.0,Sholihatunnisa,25 - 29,"Dry, Medium, Neutral",2024-07-06,"Awal pemakaian terasa ringan, cukup mudah menyerap dengan baik. Teksture sedikit ber air tapi oke juga. Sangat cocok untuk yang memiliki kulit kering. Harganya juga cukup terjangkau, hasil setelah pemakaian setelah pemakaian terlihat memuaskan.",6 months - 1 year,Traditional Market,Sholihatunnisa recommends this product!,5.0,,
46.0,Hajaralya,19 - 24,"Normal, Medium Light, Warm",2024-07-06,"Udah repurchase produk ini berkali-kali, kall ganti-ganti tetep selalu balik ke sini. Cocok banget di kulit sensitifku, gak bikin kusam atau berminyak dan selalu melindungi dari matahari dengan baik, harganya juga ga terlalu mahal produknya bagus",3 months - 6 months,Shopee,Hajaralya recommends this product!,5.0,,
47.0,putridarmawan,19 - 24,"Normal, Medium, Neutral",2024-07-06,cerita aku menggunakan produk azarine aku menggunakan produk ini awalnya hanya ikut ikut temen temen ten aku pake inii pada bagustpii aku kurang cocok menggunakan produk iniiüò≠ aku hanya abis 1 botol karena muka aku makin oily saat memakai sunscreen ini,1 month - 3 months,Shopee,putridarmawan recommends this product!,3.0,,
48.0,lazhimah,25 - 29,"Combination, Medium Light, Neutral",2024-07-06,"Sunscreen andalan SPF 50, ringan di kulit (lightweight) teksturnya beneran auto langsung suka, cepat menyerap dan ngga lengket sama sekali. Produk lokal yang bisa jadi pilihan di kala galau cari sunscreen. Kadang juga pakai yang hijau sih sesuai selera",6 months - 1 year,Shopee,lazhimah recommends this product!,5.0,,
49.0,navylalia,19 - 24,"Normal, Medium, Neutral",2024-07-06,Pakai ini sunscreen udah dari awal banget dia launching. cocok di kulit aku sampe kemana mana selalu ada di tas. Buat reaplay juga oke. Jadi texturenya dia itu kayak air cepet banget meresap saat di apply. Untuk kulit aku yang normal dry ini jadi lebih lembab saat pakai sunscreen ini. Untuk harganya terjangkaj banget buat sebagai anak kos ini.,6 months - 1 year,Shopee,navylalia recommends this product!,5.0,,
50.0,cherry_48,25 - 29,"Combination, Medium, Warm",2024-07-06,"Udah ga keitung lagi repurchase produk ini berapa kali karena emang se cinta itu sama azarine hydramax-C sunscreen. Salah satu sunscreen paling nyaman dipakai, mudah di blend dan ga peeling saat di timpa make up dan pastinya ga bikin pedih di mata",More than 1 year,Brand Website,cherry_48 recommends this product!,5.0,,
51.0,dininraml,19 - 24,"Dry, Medium, Neutral",2024-07-06,"Sunscreen nya azarine memang terdebest. Bentuknya lotion, pas dipake gak lengket dan cepet kering. Dulu paling gak suka kalo disuruh pake sunscreen karena lengket pliket. Ss ini cocok buat kaum yg gasuka pake sunscreen. Plus yg hydramax melembabkan apalagi yg kulitnya kering",More than 1 year,Shopee,dininraml recommends this product!,5.0,,
37.0,onlyvii_,19 - 24,"Combination, Medium, Neutral",2024-07-07,"Udah re purchase ketiga kalinyaa dan produknya emang sebagus ituuu, bikin mencerahkan jugaa nngga bikin berminyak... Nyerep nya juga cepettt.... Emang mantulll produk nya, rekomen banget lahhh wajib di cobaiinn inii produkkk... Mantapp",3 months - 6 months,Shopee,onlyvii_ recommends this product!,5.0,70.0,False
38.0,gitnop,25 - 29,"Dry, Medium, Neutral",2024-07-07,"awal cobain ini karna review dari kak tasya farasya yang bilang kalo sunscreen ini buaguuus pwoool,kebetulan pas itu lagi cari-cari sunscreen yang bagus dan harga terjangkau,paas banget kaya nemu harta karun rasanya,bener bener cepet banget nyerepnya,dan gak ada white cast sama sekali",More than 1 year,Shopee,gitnop recommends this product!,5.0,70.0,False
39.0,Diena20,19 - 24,"Dry, Medium Light, Neutral",2024-07-07,"Sunscreen ini cocok banget buat kulitku yang kering. Nyaman dipake seharian. Ga bikin whitecast di muka. Teksturnya milky, kental, dan ringan diaplikasikan ke wajah. Ngeblend dan ngeset di muka juga ga terlalu lama. Dengan harga yang affordable, kalo udah cocok bisa ni repurchase üëç",3 months - 6 months,Shopee,Diena20 recommends this product!,4.0,70.0,False
40.0,ristiaas,19 - 24,"Combination, Medium Dark, Cool",2024-07-07,"Aku br perdana nyoba sunscreen azarine yang versi serum 50++++ ini, menurut aku produknya gak jauh beda sm yg 45++++, cm ada perbedaan di kandungan ingredients sunscreennya dan teksturnya, sejauh ini aku ngerasa aman, gak ninggalin whitecase juga, melembapkan, cepet meresap, dewy glow finishTekstur: teksturnya gel tp lebih kental dari sunscreen azarine yang gel 45++++, gk ninggalin whitecasePerforma: bagusCocok Untuk: kulit aku kombinasi tp dominan berminyak daerah T zone sih",6 months - 1 year,Shopee,ristiaas recommends this product!,5.0,70.0,False
41.0,preattypotato,18 and Under,"Dry, Medium Dark, Neutral",2024-07-07,"sunscreen kecintaankuu!! aku awalnya iseng pengen coba sunscreen ini, eh alhamdulillah cocok banget di mukaku. mukaku tipe yang cepet banget gosongnya, jd aku struggling buat cari sunscreen yg gak bikin belang. untung bgt aku nemu sunscreen inii. teksturnya agak kental tp dia mudah banget diserap kulit jadi dia gak berat di kulit. definitely a 10/10!!!",6 months - 1 year,Shopee,preattypotato recommends this product!,5.0,70.0,False
42.0,tasyamahe,25 - 29,"Combination, Medium Dark, Neutral",2024-07-07,"uda berkalikali belii, suka bangeeet! teksturnya enak, lembut! gampang meresap, cocok buat yg suka aktivitas di luar ruangan, packaging aman, cukup friendly bisa dibawa kemana-mana. pas di-apply ga ada white cast sama sekali, wajib dicobaa",1 week - 1 month,Lazada,tasyamahe recommends this product!,5.0,70.0,False
36.0,Narissa21,19 - 24,"Combination, Medium Light, Neutral",2024-07-10,"Pertama kali aku cobain sunscreen azarine yang hydramax c ini gak ada ekspetasi apa apa, tapi ternyata ini lebih dari yang aku ekspetasiin, sunscreen ternyaman yg baru aku temuin, karna sebelum pake sunscreen ini pernah pake yg lain tapi teksturnya ga seringan sunscreen azarine, cowok ku juga pake sunscreen ini btw dan dia approved banget!",1 month - 3 months,Shopee,Narissa21 recommends this product!,5.0,,
,,,,2024-07-14,,,,,,41.0,False
35.0,masymasytha,25 - 29,"Dry, Light, Neutral",2024-07-20,"Produk sunscreennya sendiri kayak mostuizer, lumayan cepat menyerap di kulit dan ngga ada whitecast. Ngga ada wanginya juga, tubenya bisa masuk pouch ngga makan tempat jadi bisa dibawa kemana-mana. Bikin kulit jadi glow sih iya,tapi kalau aku tetep pakai mosturizer sevelumnya. Bikin cerah juga iya dikulit ku. Untuk repurchase sih iya, dengan harga segitu dan cocok di kulitku.",1 month - 3 months,Shopee,masymasytha recommends this product!,5.0,,
,,,,2024-07-21,,,,,,66.0,False
34.0,hanidwn,25 - 29,"Combination, Medium Light, Neutral",2024-07-22,"Dia teksturnya mudah banget di blend yaa, trus no white cast, alhamdulillah juga muka jadi lebih kincloong tapi ngga lebay, klo pas kena air (wudhu) juga ngga perih di mata, padahal kan biasanya sunscreen perih ya kalo kena mata, Dan untuk harga affordable bangeet",1 week - 1 month,XBeauty by Female Daily,hanidwn recommends this product!,4.0,,
33.0,shintaalya,19 - 24,"Normal, Medium Light, Neutral",2024-07-26,"Teksturnya watery gel, mudah diblend, cepat ngeset, ringan, finishnya glowy (bukan dewy yang becek), gak greasy, dan gak perih di mata. Mirip sama spf 45, bedanya ini sedikit lebih lembap dan proteksinya lebih tinggi. Dia juga fragrance free jadi aman untuk kulit sensitif. Repurchase? Definitely!",1 week - 1 month,Official Brand Store,shintaalya recommends this product!,5.0,,
32.0,ansmrk,25 - 29,"Oily, Medium, Warm",2024-07-27,"Jujur aja menurutku sunscreen Azarine yang varian oren ini feels nya hampir sama kayak sodaranya yang warna biru, cuma yang ini lebih tinggi SPF nya sama lebih gede aja. Yang bikin tertarik udah jelas kandungan vitamin C nya yang bikin kulit lebih cerah. So far emang bener mukaku jadi lebih cerah (entah karena aku jarang keluar rumah atau emang karena efek dari sunscreen nya). Menurutku teksturnya nggak gitu ringan tapi juga nggak gitu berat, masih nyaman dipake. Dia juga bikin lembab kulit, jadi kalo kulit lagi kering cocok banget pake sunscreen ini. Very recommended",1 week - 1 month,Guardian,ansmrk recommends this product!,5.0,,
,,,,2024-07-28,,,,,,35.0,False
,,,,2024-08-04,,,,,,52.0,False
31.0,zaharia,25 - 29,"Normal, Medium, Neutral",2024-08-06,"Suncreen sejuta umatüòçEfeknya bikin cerah dan melindungi kulit dari sinar matahari Teksturnya gel. Packingnya lucu kecil bisa di bawa kemana mana, suncreen sebagus ini harga 50k  worth it banget untuk di beli ü•∞üòç",More than 1 year,Alfamart,zaharia recommends this product!,5.0,,
30.0,BeatriceLiv,19 - 24,"Combination, Medium, Warm",2024-08-08,"surprisingly blm aku review?! pdhal aku pake ini selama kuliah dan jadi salah satu sunscreen favoritku, cuman sayang dia suka pilling kadang-kadang, tp klo lagi promo gila""an cus beli sihhh, karena jujur seringan dan seworth it itu selain merk sebelah (yang warnanya ijo jg tp pake cica), overall recommended! worth to try",6 months - 1 year,Shopee,BeatriceLiv recommends this product!,4.0,,
,,,,2024-08-11,,,,,,64.0,False
29.0,ariewam,19 - 24,"Dry, Medium, Warm",2024-08-12,Sunscreen ini aman di kulitku yang normal to dry & gak ada whitecast. Ini udah spf 50PA++++ dengan kandungan vitamin C & E sebagai antioksidan dan melindungi kulit wajah dari paparan sinar matahari juga ada kandungan Hyaluronic acid untuk melembabkan kulit wajah. Teksturnya gel yang pastinya ringan jadi mudah menyerap. Wajib cobain karena recomended,1 month - 3 months,Shopee,ariewam recommends this product!,5.0,,
28.0,Salmawp10,19 - 24,"Normal, Medium, Neutral",2024-08-16,"bikin cerah dikulitku terlindung dari sinar uv pas pergi main sama temen dan pacardikulitku langsung cocok gak bikin kusam juga bikin cerah dikulitku , tiap bulan aku selalu membeli sunscreen azarine yang versi iniüòÜ",1 week - 1 month,Shopee,Salmawp10 recommends this product!,5.0,,
,,,,2024-08-18,,,,,,54.0,False
,,,,2024-08-25,,,,,,58.0,False
27.0,mayha,30 - 34,"Combination, Medium Light, Neutral",2024-08-28,"Kalau pakai ini jadi gak perlu lagi pake vitamin c serum sebelum pake sunscreen, enakeun gampang diblend ringan gak bikin berminyak, lembab. Yang aku notice pake ini tu lama lama ga kusem tapi bantu mencerahkan wajah, dipake dibawah makeup juga masih aman di aku.",1 week - 1 month,PR Package,mayha recommends this product!,5.0,,
25.0,iamindahagustina,25 - 29,"Combination, Medium Dark, Warm",2024-08-30,"Setiap hari aku pakai sunscreen ini, apalagi di Karawang kan panas banget ya, wajib banget pakai. Yang aku suka ini tuh cepat meresap, nggak bikin kulit wajah abu-abu, ada vit C-nya, dan udah SPF 50 PA++++. The best, pokoknya aku suka banget. Kalau udah mau abis, kemasannya aku gunting jadi 2 bagian. Karena sayang banget, di dalamnya masih ada banyak ü§≠üòÇ. Pokoknya harus sampai habis!",More than 1 year,Shopee,iamindahagustina recommends this product!,5.0,,
26.0,MaDaffa,35 - 39,"Normal, Medium, Neutral",2024-08-30,"Bagus banget...dengan menggunakan sunscreen azarin yang hydramax bikin kulit cerah, flek hitam lama kelamaan jadi memudar, tidak bikin kulit berminyak,teksturnya sangat lembut tidak lengket, pokoknya recomend banget....",3 months - 6 months,Shopee,MaDaffa recommends this product!,5.0,,
23.0,Eli0102,40 - 44,"Oily, Medium Light, Cool",2024-09-01,"Azarine hydramax c sunscreen ringan dipakenya, sydah ada kandungan vitamin C nya juga, bikin kulit terlindung dari sinar UV secara maksimal. Ada oil controlnya juga, di kulitku dia ga bikin tambah berminyak setelah diaplikasikan malah finishnya matte . Bagus buat pemakaian sehari-hari.",1 week - 1 month,Indomaret,Eli0102 recommends this product!,4.0,0.0,False
24.0,atikahsaidah29,19 - 24,"Dry, Medium, Neutral",2024-09-01,"ga bisa deskripsiin ss azarine hydramax C ini. coba produk sunscreen yg lain slalu balik lagi kesini. cocok bgt buat kulit aku yg dry, ga bikin lengket, gampang bgt buat di blend, ini combo bgt kalo dipakein sm serum vit C. packagingnya oke bgt buat travel friendly, tapi kalo bisa bikin versi yg gede dongggüò≠‚ù£Ô∏è",More than 1 year,Shopee,atikahsaidah29 recommends this product!,5.0,0.0,False
22.0,Salsabilaa31,19 - 24,"Combination, Medium, Neutral",2024-09-02,"sunscreen ini enak bgt dipakenya adem gitu, teksturnya gel yg gampang meresap di kulit. untuk mencerahkan kayanya biasa aja sih, cuma aku suka kalo kena mata dia ga perih dan ga ada efek yg gimana gimana selama pemakaian. sunscreennya juga melembabkan.",1 month - 3 months,Shopee,Salsabilaa31 recommends this product!,5.0,,
21.0,cibed,30 - 34,"Dry, Medium, Neutral",2024-09-03,"Gue menyadari sih kulit kering itu cenderung kusem makanya gue milih produk skincare yang ada kandung Vitamin C nya. Termasuk sunscreen! It works excellently for my skin. Teksturnya ringan dan ada sensasi dinginnya plus cepet meresap, dan ga ada whitecase.",1 week - 1 month,Shopee,cibed recommends this product!,5.0,,
20.0,genn,19 - 24,"Oily, Light, Neutral",2024-09-07,"Best sunscreen I've ever purchased!! Sunscreen ini non white cast, trus light weight jugaa. Cocok buat jadi rangkaian skin prep sihh soalnya dia cepat nyerap dan ga bikin base make up ngeser gitu. Di kulit oily ku jujur dia tetap bikin minyakan, cuma menurutku ini lebih oke daripada yang hydrashoote since dia gaada bikin sensasi kulit ketarik dan ga kusem gitu. DEFINITELY REPURCHASE",1 month - 3 months,Shopee,genn recommends this product!,5.0,,
,,,,2024-09-08,,,,,,53.0,False
,,,,2024-09-15,,,,,,37.0,False
19.0,arzahra,25 - 29,"Combination, Medium Light, Neutral",2024-09-17,"Ss Azarine terfavoriteüòçüòç udah ada kandungan Vitamin C yang bagus buat kulit cerah dan glowing üòô Teksturnya gel ringan, lembab, dan satin finish‚Äînyaman dan ga sumuk buat combi-oily skin ‚ú®Mau dipakein makeup atau tanpa makeup sama sama cakepüß°",3 months - 6 months,Tokopedia,arzahra recommends this product!,5.0,,
17.0,jcca1998,25 - 29,",25 - 29",2024-09-18,"Udh banyak coba sunscreen dan rata2 lengket berminyak bikin breakout, smp akhirnya cobain azarine trnyata bagus pol, menyerap di kulit, ga lengket, no white cast, enteng bgt dimuka dan harganya murah ! Cocok bgt ga bikin breakout juga, malah jd bagus kulitnya ! Ini udh botol kelima ku ! Dan msh ada stock 3 pcs ! Hehehe",More than 1 year,Shopee,jcca1998 recommends this product!,5.0,,
18.0,pratiwisaraswati,25 - 29,"Combination, Medium, Neutral",2024-09-18,"Memutuskan coba sodaranya si ijo karena butuh vit c biar ngga kusam, and it worked! Teksturnya gel agak creamy, finishnya matte, dan gampang diblend nya. Ngga bikin gerah, kerasa pas aja gitu. Setelah pakai beberapa lama, wajah agak cerahan, suka deh!",1 month - 3 months,Tokopedia,pratiwisaraswati recommends this product!,5.0,,
14.0,istyajaa,19 - 24,"Dry, Medium Light, Neutral",2024-09-21,"Aku pakai produk ini dari awal kuliah dan sukak bangett... karena teksturnya sangat melembabkan di kulit aku yang kering, untuk sehari-hari juga ringan banget, dipake diatas make up juga oke, gk merusak make up diatasnya. Selain itu, setelah pemakaian cukup lama aku ngerasa kulit aku cerahan banget dan gak kusam karena produk ini ada kandungan vitamin C yang bikin kuliat aku tampak sehat dan cerah",More than 1 year,Shopee,istyajaa recommends this product!,5.0,,
15.0,Tia_Intan,25 - 29,"Dry, Medium Light, Neutral",2024-09-21,"Sunscreen Azarine ini nyaman, tidak lengket ketika diapply. Teksturnya creamy, lembut dan finishnya langsung nge-set gitu jadi kerasa nyaman banget pakenya. SPF nya 50 jadi oke banget buat dipake saat ada aktivitas outdoor, dan harganya juga terjangkau.",1 month - 3 months,Shopee,Tia_Intan recommends this product!,5.0,,
16.0,pidharully,25 - 29,"Dry, Medium Light, Neutral",2024-09-21,"Seneng bgt pas nemu sunscreen lokal yg gentle!ü§© beneran gada bau apapun selain bau kimia, tp ga ganggu kok, pas diapply baunya bener2 ilang.Teksturnya light lotion, superduper gampang diratain! No whitecastüëçüèª enteng bgt feelnya dan ga oily, finishnya beneran skinlike dan cepet bgt ngesetnya. Jd kalo mau pake complexion yg skin-like alias ga terlalu glowy, aku suka pake sunscreen ini.Minusnya cuma lebih pedih drpd skin aqua kalo kena mata pas kecampur keringet atau kena air waktu cuci muka.",1 month - 3 months,Shopee,pidharully recommends this product!,5.0,,
,,,,2024-09-22,,,,,,79.0,False
13.0,khoirinida,25 - 29,"Combination, Medium, Warm",2024-09-26,"Sunscreen spf 50 yg ringan, no whitecast, ga kerasa berat. Di wajah juga ga lengket dan gampang nyerepnya! Udah repurchase ini berkali2, harga juga masih terjangkau bgtttt. Btw kulit aku normal to oily, pake ini cocok2 aja. Sampe skrg blm pindah ss yg lain sih",3 months - 6 months,Shopee,khoirinida recommends this product!,5.0,,
10.0,awliapram,19 - 24,",19 - 24",2024-09-27,"Udah pake sunscreen ini semenjak awal kuliah dan sangatlah cocok di kulit, cepet banget menyerap, dan ringan di kulit. Biasanya selalu reaply beberapa kali dalam sehari dan produk ini bikin kulit moist banget. Wajib nyetok produk ini di rumah",More than 1 year,Brand Website,awliapram recommends this product!,5.0,,
11.0,Lixx,19 - 24,"Combination, Medium Dark, Neutral",2024-09-27,"Ringan banget!! Terus gampang di blend juga, ga bikin keset sama ga bikin lengket. Gampang banget dicari produknya, kalau habis restocknya cepet pake banget banget. Affordable sangat! Salah satu sunscreen paling worth dengan spf tinggi!",More than 1 year,Shopee,Lixx recommends this product!,5.0,,
12.0,abiabigail,35 - 39,"Combination, Medium Light, Neutral",2024-09-27,"Azarine sunscreen yang aki butuhkan untuk kulit sensitive ku, melindungi dari sinar matahari ketika ada di outdoor, bikin gak was was ketika sudah di luar ruangan, dan produk ini sudah aku pake setahun",6 months - 1 year,Shopee,abiabigail recommends this product!,5.0,,
,,,,2024-09-29,,,,,,51.0,False
9.0,lanyeu,19 - 24,"Normal, Medium Dark, Neutral",2024-10-05,"Udah dari lama pake hidramax c sunscreen dari azarine. Sesuka itu, karena cepet kering dan gak bikin whitecast. type kulitku juga normal to dry, jadi pas banget kalo pake sunscreen ini. nyaman banget buat dipake sehari-hari tuh",6 months - 1 year,Shopee,lanyeu recommends this product!,5.0,,
,,,,2024-10-06,,,,,,59.0,False
8.0,Chloe25,25 - 29,"Combination, Medium, Neutral",2024-10-07,"Sunscreen dari azarine ini emang the best lah. Aku baru nemuin sunscreen yang ketahanannya sebagus ini, pokoknya engga takut belang lagi. Teksturnya yang creamy dan tidak menyengat sama sekali. Perlindungan maksimal dengan 3 ruas jari. Aku tuh paling suka sama sunscreen yg ukurannya medium kek gini.",1 week - 1 month,Traditional Market,Chloe25 recommends this product!,5.0,,
,,,,2024-10-13,,,,,,59.0,False
7.0,nasywahfajri,18 and Under,"Combination, Medium, Neutral",2024-10-18,"untuk suncreen azarine satu ini, jujur ngga cocok di kulit gua, gatau kenapa. gua bahkan pernah hampir kebayang sama produk ini sampe berhari-hari, eh malah ga cocok. gua berharap banget sama kandungan vit c nya, tapi syaang di gua ga berjodoh:( apalagi pas pulangsekolah terus deoble cleansing kan, sumpah kotor nya tuh banget pokoknya beda sama suncreen azarine varian lain, pake ini juga malah ada jerawat, sayang sekali ngga jodoh ya haha, tapi selama pemakaian ngga ngerasa berat walaupun spf 50, tapi ya gitu lah, bikin kusam juga. pokoknya ga cocok deh, sorry azarine",6 months - 1 year,Instagram,nasywahfajri doesn't recommend this product!,2.0,,
,,,,2024-10-20,,,,,,56.0,False
6.0,miyah,30 - 34,"Combination, Medium, Neutral",2024-10-23,"sesuka itu sama sunscreen ini, selalu repurchase, spf-nya 50 PA++++ proteksi full buat yang mau aktivitas outdoor, tetep wajib reapply yaaacocok buat yang punya kulit kering, bikin glowing tapi gak bikin kusam,luv ‚ù§Ô∏è",More than 1 year,Shopee,miyah recommends this product!,5.0,,
,,,,2024-10-27,,,,,,61.0,False
4.0,yunnikeee,19 - 24,"Oily, Medium Light, Neutral",2024-11-01,serum vit c ga cocok di aku tapi malah cocok pake sunscreen yg ada vit c nyaaüëèüèªüëèüèª kalo mau pake ini harus siap‚Äù punya wajah lebih cerah soalnya vit c nya kayak bikin tone up gitu diwajah cuma masih aman kokk dan produk ini juga gampang meresap jadi enak dipakenya,1 month - 3 months,Shopee,yunnikeee recommends this product!,4.0,,
5.0,gustindheasiahaan,19 - 24,",19 - 24",2024-11-01,"Azarine memang best sih, ini jadi sunscreen kecintaan ku. Karena waktu di pake dia tuh gak bikin berat di kulit gak bikin wajah kita jadi minyakan, jerawat, apalagi komedoan. Pokok nya kalian wajib beli karena harganya juga murah banget banget",1 month - 3 months,Female Daily Studio,gustindheasiahaan recommends this product!,5.0,,
3.0,nabills21,19 - 24,"Oily, Medium Light, Neutral",2024-11-02,"sunscreen azarine yang satu ini baguss bangeett sumpahh, melembabkan kulit, teksturnya gel tapi cepat bangett meresap nyaa dan ga bikin lengket, ringan parahh. spf nya 50PA++++üòçü´∂üèª ada efek tone up nya sedikit ga buat muka putih‚Äù bgt lah ya, finish nya bikin muka glowlyü´∂üèª",3 months - 6 months,Shopee,nabills21 recommends this product!,5.0,,
2.0,Sanarooo,25 - 29,"Dry, Medium, Neutral",2024-11-03,"Cocok untuk kulit kering dan kombinasi, ringan dibawa pada saat berpergian, tekstur formula ringan dan tidak sulit untuk diaplikasikan. Harga terjangkau dan mudah didapatkan dimana saja. Re-applay 2-3 jam sekali. Mampu membuat kulit terasa plumpy. Rekomendasi",More than 1 year,Shopee,Sanarooo recommends this product!,5.0,56.0,False
1.0,nurultikaa,19 - 24,"Normal, Medium, Neutral",2024-11-08,"Akhirnya aku ketemu dengan ss yang cocok dikulitku, btw tipe kulitku normal to dry. Sunscreen azarine mngandung serum dengan spf 50+++ yg bagus utk melindungi kulit dari paparan sinar matahari. Di aku selama 4 bulan pemakaian kulit ku jadi sehat, lembab dan glowwing.",1 month - 3 months,Official Brand Store,nurultikaa recommends this product!,5.0,,
,,,,2024-11-10,,,,,,65.0,True
0.0,lisanvra,19 - 24,"Dry, Light, Neutral",2024-11-14,"Selama aku pake sunscreen ini selama kurleb 2 tahun diaku ini oke banget. Apalagi buat tipe kulit kayak aku yang dry, ini ga bikin tambah kering. Sukanya dia gaada wanginya jadi ga mengganggu, no whitecast, dan juga diaku produk ini cepat meresap. So highly recommendedüëçüèª",More than 1 year,XBeauty by Female Daily,lisanvra recommends this product!,5.0,,
